date,parent_category,generic_final,branded_final,gap_abs_final,gap_pct_final,branded_marked,generic_marked,gap_abs_marked,gap_pct_marked
2025-12-18,Chăm Sóc Bé,60900.0,88350.0,27450.0,45.073891625615765,89750.0,129000.0,-39250.0,-30.426356589147286
2025-12-18,Gia Vị,92400.0,39700.0,-52700.0,-57.03463203463204,40200.0,92400.0,-52200.0,-56.493506493506494
2025-12-18,Mì - Thực Phẩm Ăn Liền,27200.0,19500.0,-7700.0,-28.308823529411764,25600.0,33900.0,-8300.0,-24.48377581120944
2025-12-18,Rau - Củ - Trái Cây,36320.0,47400.0,11080.0,30.506607929515418,47400.0,39900.0,7500.0,18.796992481203006
2025-12-18,Sữa Tươi,39000.0,35200.0,-3800.0,-9.743589743589745,36900.0,39000.0,-2100.0,-5.384615384615385
2025-12-18,Thực Phẩm Chế Biến,34950.0,38500.0,3550.0,10.157367668097281,38900.0,34950.0,3950.0,11.301859799713878
2025-12-18,Thực Phẩm Khô,45000.0,50000.0,5000.0,11.11111111111111,51000.0,45000.0,6000.0,13.333333333333334
2025-12-18,Thực Phẩm Đông Lạnh,77700.0,74250.0,-3450.0,-4.440154440154441,76300.0,83800.0,-7500.0,-8.949880668257757
2025-12-18,Trứng - Đậu Hũ,16050.0,51900.0,35850.0,223.36448598130843,51900.0,16050.0,35850.0,223.36448598130843
2025-12-19,Chăm Sóc Bé,60900.0,88350.0,27450.0,45.073891625615765,89750.0,129000.0,-39250.0,-30.426356589147286
2025-12-19,Gia Vị,92400.0,40400.0,-52000.0,-56.27705627705628,40400.0,92400.0,-52000.0,-56.27705627705628
2025-12-19,Mì - Thực Phẩm Ăn Liền,27200.0,19500.0,-7700.0,-28.308823529411764,25600.0,33900.0,-8300.0,-24.48377581120944
2025-12-19,Rau - Củ - Trái Cây,39900.0,47400.0,7500.0,18.796992481203006,47400.0,39900.0,7500.0,18.796992481203006
2025-12-19,Sữa Tươi,34250.0,37900.0,3650.0,10.656934306569344,38300.0,34250.0,4050.0,11.824817518248175
2025-12-19,Thực Phẩm Chế Biến,34950.0,39000.0,4050.0,11.587982832618025,39500.0,34950.0,4550.0,13.01859799713877
2025-12-19,Thực Phẩm Khô,45000.0,47300.0,2300.0,5.111111111111112,51000.0,45000.0,6000.0,13.333333333333334
2025-12-19,Thực Phẩm Đông Lạnh,77700.0,74250.0,-3450.0,-4.440154440154441,76300.0,83800.0,-7500.0,-8.949880668257757
2025-12-19,Trứng - Đậu Hũ,16050.0,51900.0,35850.0,223.36448598130843,51900.0,16050.0,35850.0,223.36448598130843
2025-12-20,Chăm Sóc Bé,60900.0,88350.0,27450.0,45.073891625615765,89750.0,129000.0,-39250.0,-30.426356589147286
2025-12-20,Gia Vị,107200.0,38050.0,-69150.0,-64.50559701492537,40200.0,115100.0,-74900.0,-65.07384882710686
2025-12-20,Mì - Thực Phẩm Ăn Liền,27200.0,19500.0,-7700.0,-28.308823529411764,25600.0,33900.0,-8300.0,-24.48377581120944
2025-12-20,Rau - Củ - Trái Cây,35000.0,47400.0,12400.0,35.42857142857142,47400.0,39900.0,7500.0,18.796992481203006
2025-12-20,Sữa Tươi,39000.0,36000.0,-3000.0,-7.6923076923076925,37500.0,39000.0,-1500.0,-3.8461538461538463
2025-12-20,Thực Phẩm Chế Biến,25500.0,29900.0,4400.0,17.254901960784313,38800.0,34100.0,4700.0,13.78299120234604
2025-12-20,Thực Phẩm Khô,45850.0,46600.0,750.0,1.6357688113413305,50500.0,46050.0,4450.0,9.66340933767644
2025-12-20,Thực Phẩm Đông Lạnh,74000.0,74250.0,250.0,0.33783783783783783,76300.0,82000.0,-5700.0,-6.951219512195123
2025-12-20,Trứng - Đậu Hũ,16050.0,51900.0,35850.0,223.36448598130843,51900.0,16050.0,35850.0,223.36448598130843
2025-12-22,Chăm Sóc Bé,60900.0,85400.0,24500.0,40.229885057471265,86200.0,129000.0,-42800.0,-33.17829457364341
2025-12-22,Gia Vị,61000.0,31500.0,-29500.0,-48.36065573770492,39800.0,75000.0,-35200.0,-46.93333333333333
2025-12-22,Mì - Thực Phẩm Ăn Liền,27200.0,19500.0,-7700.0,-28.308823529411764,25600.0,33900.0,-8300.0,-24.48377581120944
2025-12-22,Rau - Củ - Trái Cây,39900.0,39900.0,0.0,0.0,39900.0,42900.0,-3000.0,-6.993006993006993
2025-12-22,Sữa Tươi,28300.0,41000.0,12700.0,44.87632508833922,47600.0,33500.0,14100.0,42.08955223880597
2025-12-22,Thực Phẩm Chế Biến,28600.0,29900.0,1300.0,4.545454545454546,38800.0,33000.0,5800.0,17.575757575757574
2025-12-22,Thực Phẩm Khô,46900.0,50000.0,3100.0,6.609808102345416,50500.0,48050.0,2450.0,5.098855359001041
2025-12-22,Thực Phẩm Đông Lạnh,74800.0,80600.0,5800.0,7.754010695187167,81000.0,82900.0,-1900.0,-2.2919179734620023
2025-12-22,Trứng - Đậu Hũ,16050.0,37300.0,21250.0,132.398753894081,37300.0,16050.0,21250.0,132.398753894081
2025-12-23,Chăm Sóc Bé,60900.0,79900.0,19000.0,31.198686371100166,85400.0,129000.0,-43600.0,-33.798449612403104
2025-12-23,Gia Vị,92400.0,40500.0,-51900.0,-56.16883116883117,40500.0,92400.0,-51900.0,-56.16883116883117
2025-12-23,Mì - Thực Phẩm Ăn Liền,27200.0,23350.0,-3850.0,-14.154411764705882,29750.0,33900.0,-4150.0,-12.24188790560472
2025-12-23,Rau - Củ - Trái Cây,39000.0,47900.0,8900.0,22.82051282051282,47900.0,39900.0,8000.0,20.050125313283207
2025-12-23,Sữa Tươi,51500.0,35200.0,-16300.0,-31.650485436893206,36900.0,51500.0,-14600.0,-28.349514563106798
2025-12-23,Thực Phẩm Chế Biến,33450.0,39500.0,6050.0,18.086696562032888,41300.0,34500.0,6800.0,19.710144927536234
2025-12-23,Thực Phẩm Khô,46900.0,50000.0,3100.0,6.609808102345416,51000.0,48050.0,2950.0,6.139438085327783
2025-12-23,Thực Phẩm Đông Lạnh,75750.0,74500.0,-1250.0,-1.65016501650165,76900.0,79850.0,-2950.0,-3.6944270507201002
2025-12-23,Trứng - Đậu Hũ,16050.0,51900.0,35850.0,223.36448598130843,51900.0,16050.0,35850.0,223.36448598130843
2025-12-24,Chăm Sóc Bé,60900.0,79900.0,19000.0,31.198686371100166,85400.0,129000.0,-43600.0,-33.798449612403104
2025-12-24,Gia Vị,92400.0,43750.0,-48650.0,-52.65151515151515,46050.0,92400.0,-46350.0,-50.16233766233766
2025-12-24,Mì - Thực Phẩm Ăn Liền,27200.0,19500.0,-7700.0,-28.308823529411764,25600.0,33900.0,-8300.0,-24.48377581120944
2025-12-24,Rau - Củ - Trái Cây,35860.0,46900.0,11040.0,30.78639152258784,46900.0,37000.0,9900.0,26.756756756756754
2025-12-24,Sữa Tươi,26600.0,34600.0,8000.0,30.075187969924812,38500.0,30750.0,7750.0,25.203252032520325
2025-12-24,Thực Phẩm Chế Biến,28600.0,52100.0,23500.0,82.16783216783216,59000.0,33000.0,26000.0,78.78787878787878
2025-12-24,Thực Phẩm Khô,48050.0,51000.0,2950.0,6.139438085327783,51000.0,50300.0,700.0,1.3916500994035785
2025-12-24,Thực Phẩm Đông Lạnh,74000.0,74500.0,500.0,0.6756756756756757,76900.0,77700.0,-800.0,-1.0296010296010296
2025-12-24,Trứng - Đậu Hũ,16050.0,51900.0,35850.0,223.36448598130843,51900.0,16050.0,35850.0,223.36448598130843
2025-12-25,Chăm Sóc Bé,60900.0,79900.0,19000.0,31.198686371100166,85400.0,129000.0,-43600.0,-33.798449612403104
2025-12-25,Gia Vị,92400.0,41600.0,-50800.0,-54.97835497835498,43300.0,92400.0,-49100.0,-53.13852813852814
2025-12-25,Mì - Thực Phẩm Ăn Liền,27200.0,23350.0,-3850.0,-14.154411764705882,29750.0,33900.0,-4150.0,-12.24188790560472
2025-12-25,Rau - Củ - Trái Cây,39000.0,46900.0,7900.0,20.256410256410255,46900.0,39000.0,7900.0,20.256410256410255
2025-12-25,Sữa Tươi,51500.0,36100.0,-15400.0,-29.902912621359224,37800.0,51500.0,-13700.0,-26.601941747572816
2025-12-25,Thực Phẩm Chế Biến,33450.0,40400.0,6950.0,20.777279521674142,41400.0,34500.0,6900.0,20.0
2025-12-25,Thực Phẩm Khô,48050.0,51000.0,2950.0,6.139438085327783,51000.0,50300.0,700.0,1.3916500994035785
2025-12-25,Thực Phẩm Đông Lạnh,72950.0,74500.0,1550.0,2.1247429746401645,76900.0,77600.0,-700.0,-0.902061855670103
2025-12-25,Trứng - Đậu Hũ,21100.0,51900.0,30800.0,145.97156398104266,51900.0,21100.0,30800.0,145.97156398104266
2025-12-26,Chăm Sóc Bé,60900.0,79900.0,19000.0,31.198686371100166,85400.0,129000.0,-43600.0,-33.798449612403104
2025-12-26,Gia Vị,91800.0,41600.0,-50200.0,-54.68409586056645,41600.0,91800.0,-50200.0,-54.68409586056645
2025-12-26,Mì - Thực Phẩm Ăn Liền,27200.0,19500.0,-7700.0,-28.308823529411764,25600.0,33900.0,-8300.0,-24.48377581120944
2025-12-26,Rau - Củ - Trái Cây,47900.0,39900.0,-8000.0,-16.701461377870565,39900.0,47900.0,-8000.0,-16.701461377870565
2025-12-26,Sữa Tươi,26600.0,38100.0,11500.0,43.233082706766915,42900.0,30750.0,12150.0,39.51219512195122
2025-12-26,Thực Phẩm Chế Biến,28600.0,60400.0,31800.0,111.18881118881119,60400.0,34100.0,26300.0,77.12609970674487
2025-12-26,Thực Phẩm Khô,48050.0,51000.0,2950.0,6.139438085327783,51000.0,50300.0,700.0,1.3916500994035785
2025-12-26,Thực Phẩm Đông Lạnh,63000.0,67700.0,4700.0,7.4603174603174605,79600.0,74550.0,5050.0,6.7739771965124085
2025-12-26,Trứng - Đậu Hũ,21100.0,40000.0,18900.0,89.57345971563981,40000.0,21100.0,18900.0,89.57345971563981
2025-12-27,Chăm Sóc Bé,60900.0,79900.0,19000.0,31.198686371100166,85400.0,129000.0,-43600.0,-33.798449612403104
2025-12-27,Gia Vị,82950.0,40450.0,-42500.0,-51.235684147076554,40650.0,85250.0,-44600.0,-52.316715542522
2025-12-27,Mì - Thực Phẩm Ăn Liền,27200.0,23350.0,-3850.0,-14.154411764705882,29750.0,33900.0,-4150.0,-12.24188790560472
2025-12-27,Rau - Củ - Trái Cây,33400.0,46900.0,13500.0,40.41916167664671,46900.0,33400.0,13500.0,40.41916167664671
2025-12-27,Sữa Tươi,51500.0,36100.0,-15400.0,-29.902912621359224,37800.0,51500.0,-13700.0,-26.601941747572816
2025-12-27,Thực Phẩm Chế Biến,33450.0,39500.0,6050.0,18.086696562032888,41300.0,34500.0,6800.0,19.710144927536234
2025-12-27,Thực Phẩm Khô,48050.0,51100.0,3050.0,6.347554630593131,51900.0,50300.0,1600.0,3.180914512922465
2025-12-27,Thực Phẩm Đông Lạnh,72000.0,74000.0,2000.0,2.7777777777777777,75700.0,77500.0,-1800.0,-2.3225806451612905
2025-12-27,Trứng - Đậu Hũ,21100.0,51900.0,30800.0,145.97156398104266,51900.0,21100.0,30800.0,145.97156398104266
2025-12-28,Chăm Sóc Bé,60900.0,79900.0,19000.0,31.198686371100166,85400.0,129000.0,-43600.0,-33.798449612403104
2025-12-28,Gia Vị,91200.0,38500.0,-52700.0,-57.78508771929825,39900.0,91200.0,-51300.0,-56.25
2025-12-28,Mì - Thực Phẩm Ăn Liền,27200.0,23350.0,-3850.0,-14.154411764705882,29750.0,33900.0,-4150.0,-12.24188790560472
2025-12-28,Rau - Củ - Trái Cây,31900.0,47400.0,15500.0,48.589341692789965,47400.0,31900.0,15500.0,48.589341692789965
2025-12-28,Sữa Tươi,34350.0,35100.0,750.0,2.1834061135371177,37050.0,36200.0,850.0,2.3480662983425415
2025-12-28,Thực Phẩm Chế Biến,33450.0,39500.0,6050.0,18.086696562032888,41300.0,34500.0,6800.0,19.710144927536234
2025-12-28,Thực Phẩm Khô,48050.0,51100.0,3050.0,6.347554630593131,51900.0,50300.0,1600.0,3.180914512922465
2025-12-28,Thực Phẩm Đông Lạnh,73000.0,74000.0,1000.0,1.36986301369863,75700.0,77600.0,-1900.0,-2.448453608247423
2025-12-28,Trứng - Đậu Hũ,21100.0,51900.0,30800.0,145.97156398104266,51900.0,21100.0,30800.0,145.97156398104266
2025-12-29,Chăm Sóc Bé,60900.0,62000.0,1100.0,1.8062397372742198,70350.0,129000.0,-58650.0,-45.46511627906977
2025-12-29,Gia Vị,74700.0,38100.0,-36600.0,-48.99598393574297,39800.0,79300.0,-39500.0,-49.810844892812106
2025-12-29,Mì - Thực Phẩm Ăn Liền,27200.0,19500.0,-7700.0,-28.308823529411764,25600.0,33900.0,-8300.0,-24.48377581120944
2025-12-29,Rau - Củ - Trái Cây,32900.0,47400.0,14500.0,44.07294832826747,47400.0,32900.0,14500.0,44.07294832826747
2025-12-29,Sữa Tươi,53500.0,36200.0,-17300.0,-32.33644859813084,37800.0,53500.0,-15700.0,-29.345794392523366
2025-12-29,Thực Phẩm Chế Biến,30850.0,41300.0,10450.0,33.873581847649916,41500.0,33550.0,7950.0,23.69597615499255
2025-12-29,Thực Phẩm Khô,48050.0,51000.0,2950.0,6.139438085327783,51200.0,50300.0,900.0,1.7892644135188867
2025-12-29,Thực Phẩm Đông Lạnh,77500.0,74250.0,-3250.0,-4.193548387096775,76300.0,83800.0,-7500.0,-8.949880668257757
2025-12-29,Trứng - Đậu Hũ,21100.0,51900.0,30800.0,145.97156398104266,51900.0,21100.0,30800.0,145.97156398104266
2025-12-30,Chăm Sóc Bé,281950.0,76800.0,-205150.0,-72.76112785954957,81950.0,321950.0,-240000.0,-74.54573691567013
2025-12-30,Gia Vị,74700.0,38100.0,-36600.0,-48.99598393574297,39800.0,79300.0,-39500.0,-49.810844892812106
2025-12-30,Mì - Thực Phẩm Ăn Liền,27200.0,23350.0,-3850.0,-14.154411764705882,29750.0,33900.0,-4150.0,-12.24188790560472
2025-12-30,Rau - Củ - Trái Cây,22000.0,39900.0,17900.0,81.36363636363636,39900.0,24500.0,15400.0,62.857142857142854
2025-12-30,Sữa Tươi,28300.0,41300.0,13000.0,45.936395759717314,47800.0,33500.0,14300.0,42.68656716417911
2025-12-30,Thực Phẩm Chế Biến,32300.0,46200.0,13900.0,43.034055727554176,46200.0,34500.0,11700.0,33.91304347826087
2025-12-30,Thực Phẩm Đông Lạnh,71900.0,80500.0,8600.0,11.96105702364395,80700.0,83800.0,-3100.0,-3.699284009546539
2025-12-30,Trứng - Đậu Hũ,21100.0,51900.0,30800.0,145.97156398104266,51900.0,21100.0,30800.0,145.97156398104266
2025-12-31,Chăm Sóc Bé,60900.0,76800.0,15900.0,26.108374384236456,81950.0,129000.0,-47050.0,-36.47286821705427
2025-12-31,Gia Vị,74700.0,38950.0,-35750.0,-47.85809906291834,40200.0,79300.0,-39100.0,-49.30643127364439
2025-12-31,Mì - Thực Phẩm Ăn Liền,27200.0,23350.0,-3850.0,-14.154411764705882,29750.0,33900.0,-4150.0,-12.24188790560472
2025-12-31,Rau - Củ - Trái Cây,34500.0,47400.0,12900.0,37.391304347826086,47400.0,34500.0,12900.0,37.391304347826086
2025-12-31,Sữa Tươi,28300.0,37900.0,9600.0,33.92226148409894,42500.0,33500.0,9000.0,26.865671641791046
2025-12-31,Thực Phẩm Chế Biến,28600.0,33900.0,5300.0,18.53146853146853,38800.0,33000.0,5800.0,17.575757575757574
2025-12-31,Thực Phẩm Khô,48050.0,51000.0,2950.0,6.139438085327783,51200.0,50300.0,900.0,1.7892644135188867
2025-12-31,Thực Phẩm Đông Lạnh,77700.0,73850.0,-3850.0,-4.954954954954955,75300.0,84200.0,-8900.0,-10.570071258907364
2025-12-31,Trứng - Đậu Hũ,21100.0,35000.0,13900.0,65.87677725118483,35000.0,21100.0,13900.0,65.87677725118483
2026-01-01,Chăm Sóc Bé,60900.0,76800.0,15900.0,26.108374384236456,81950.0,129000.0,-47050.0,-36.47286821705427
2026-01-01,Mì - Thực Phẩm Ăn Liền,27200.0,23350.0,-3850.0,-14.154411764705882,29750.0,33900.0,-4150.0,-12.24188790560472
2026-01-01,Sữa Tươi,6200.0,28200.0,22000.0,354.83870967741933,36000.0,8000.0,28000.0,350.0
2026-01-01,Thực Phẩm Khô,47100.0,51000.0,3900.0,8.280254777070063,51100.0,49000.0,2100.0,4.285714285714286
2026-01-01,Thực Phẩm Đông Lạnh,71000.0,77900.0,6900.0,9.71830985915493,84800.0,83800.0,1000.0,1.1933174224343674
2026-01-02,Chăm Sóc Bé,60900.0,76800.0,15900.0,26.108374384236456,81950.0,129000.0,-47050.0,-36.47286821705427
2026-01-02,Gia Vị,78650.0,39700.0,-38950.0,-49.523204068658615,40450.0,78650.0,-38200.0,-48.569612205975844
2026-01-02,Mì - Thực Phẩm Ăn Liền,27200.0,23350.0,-3850.0,-14.154411764705882,29750.0,33900.0,-4150.0,-12.24188790560472
2026-01-02,Rau - Củ - Trái Cây,39000.0,47400.0,8400.0,21.53846153846154,47400.0,39000.0,8400.0,21.53846153846154
2026-01-02,Sữa Tươi,53500.0,36100.0,-17400.0,-32.52336448598131,36500.0,53500.0,-17000.0,-31.775700934579437
2026-01-02,Thực Phẩm Chế Biến,34900.0,38300.0,3400.0,9.742120343839542,38900.0,34900.0,4000.0,11.461318051575931
2026-01-02,Thực Phẩm Khô,47100.0,51600.0,4500.0,9.554140127388536,52300.0,49000.0,3300.0,6.73469387755102
2026-01-02,Thực Phẩm Đông Lạnh,77000.0,74000.0,-3000.0,-3.896103896103896,75700.0,83800.0,-8100.0,-9.665871121718377
2026-01-02,Trứng - Đậu Hũ,21100.0,51900.0,30800.0,145.97156398104266,51900.0,21100.0,30800.0,145.97156398104266
2026-01-03,Chăm Sóc Bé,60900.0,76800.0,15900.0,26.108374384236456,81950.0,129000.0,-47050.0,-36.47286821705427
2026-01-03,Gia Vị,78650.0,38900.0,-39750.0,-50.5403687221869,40000.0,78650.0,-38650.0,-49.141767323585505
2026-01-03,Mì - Thực Phẩm Ăn Liền,27200.0,19500.0,-7700.0,-28.308823529411764,25600.0,33900.0,-8300.0,-24.48377581120944
2026-01-03,Rau - Củ - Trái Cây,39000.0,47400.0,8400.0,21.53846153846154,47400.0,39000.0,8400.0,21.53846153846154
2026-01-03,Sữa Tươi,53500.0,35550.0,-17950.0,-33.55140186915888,36400.0,53500.0,-17100.0,-31.962616822429908
2026-01-03,Thực Phẩm Chế Biến,34950.0,39250.0,4300.0,12.303290414878399,40500.0,34950.0,5550.0,15.879828326180256
2026-01-03,Thực Phẩm Khô,46900.0,52000.0,5100.0,10.874200426439232,52600.0,48050.0,4550.0,9.469302809573362
2026-01-03,Thực Phẩm Đông Lạnh,80850.0,74250.0,-6600.0,-8.16326530612245,76300.0,84200.0,-7900.0,-9.382422802850355
2026-01-03,Trứng - Đậu Hũ,21100.0,51900.0,30800.0,145.97156398104266,51900.0,21100.0,30800.0,145.97156398104266
2026-01-04,Chăm Sóc Bé,60900.0,72800.0,11900.0,19.54022988505747,73700.0,129000.0,-55300.0,-42.86821705426356
2026-01-04,Gia Vị,111150.0,38300.0,-72850.0,-65.54206027890238,43450.0,116550.0,-73100.0,-62.71986271986272
2026-01-04,Mì - Thực Phẩm Ăn Liền,27200.0,19500.0,-7700.0,-28.308823529411764,25600.0,33900.0,-8300.0,-24.48377581120944
2026-01-04,Rau - Củ - Trái Cây,37000.0,47900.0,10900.0,29.45945945945946,47900.0,37000.0,10900.0,29.45945945945946
2026-01-04,Thực Phẩm Khô,46900.0,53700.0,6800.0,14.498933901918976,53700.0,48050.0,5650.0,11.758584807492195
2026-01-04,Thực Phẩm Đông Lạnh,84200.0,74000.0,-10200.0,-12.114014251781473,75700.0,84400.0,-8700.0,-10.308056872037914
2026-01-05,Chăm Sóc Bé,60900.0,76800.0,15900.0,26.108374384236456,81950.0,129000.0,-47050.0,-36.47286821705427
2026-01-05,Gia Vị,78650.0,38950.0,-39700.0,-50.47679593134139,40200.0,78650.0,-38450.0,-48.88747616020343
2026-01-05,Mì - Thực Phẩm Ăn Liền,27200.0,19500.0,-7700.0,-28.308823529411764,25600.0,33900.0,-8300.0,-24.48377581120944
2026-01-05,Rau - Củ - Trái Cây,37000.0,47900.0,10900.0,29.45945945945946,47900.0,37000.0,10900.0,29.45945945945946
2026-01-05,Sữa Tươi,28300.0,30600.0,2300.0,8.12720848056537,33900.0,32300.0,1600.0,4.953560371517028
2026-01-05,Thực Phẩm Chế Biến,35450.0,40500.0,5050.0,14.245416078984485,41500.0,39500.0,2000.0,5.063291139240507
2026-01-05,Thực Phẩm Khô,46900.0,52300.0,5400.0,11.513859275053305,53050.0,48050.0,5000.0,10.40582726326743
2026-01-05,Thực Phẩm Đông Lạnh,84200.0,74000.0,-10200.0,-12.114014251781473,75700.0,84400.0,-8700.0,-10.308056872037914
2026-01-05,Trứng - Đậu Hũ,21100.0,51900.0,30800.0,145.97156398104266,51900.0,21100.0,30800.0,145.97156398104266
2026-01-06,Chăm Sóc Bé,60900.0,76800.0,15900.0,26.108374384236456,81950.0,129000.0,-47050.0,-36.47286821705427
2026-01-06,Gia Vị,61000.0,30000.0,-31000.0,-50.81967213114754,36700.0,75000.0,-38300.0,-51.06666666666667
2026-01-06,Mì - Thực Phẩm Ăn Liền,27200.0,23550.0,-3650.0,-13.419117647058822,29550.0,33900.0,-4350.0,-12.831858407079647
2026-01-06,Rau - Củ - Trái Cây,35000.0,47900.0,12900.0,36.857142857142854,47900.0,35000.0,12900.0,36.857142857142854
2026-01-06,Sữa Tươi,51500.0,34900.0,-16600.0,-32.23300970873787,36200.0,51500.0,-15300.0,-29.708737864077673
2026-01-06,Thực Phẩm Chế Biến,32000.0,39900.0,7900.0,24.6875,41500.0,34100.0,7400.0,21.700879765395893
2026-01-06,Thực Phẩm Khô,62550.0,36700.0,-25850.0,-41.32693844924061,39600.0,72800.0,-33200.0,-45.604395604395606
2026-01-06,Thực Phẩm Đông Lạnh,77700.0,72000.0,-5700.0,-7.335907335907336,75700.0,84200.0,-8500.0,-10.09501187648456
2026-01-06,Trứng - Đậu Hũ,21100.0,51300.0,30200.0,143.12796208530804,51300.0,21100.0,30200.0,143.12796208530804
2026-01-07,Chăm Sóc Bé,60900.0,79900.0,19000.0,31.198686371100166,85400.0,129000.0,-43600.0,-33.798449612403104
2026-01-07,Gia Vị,79300.0,44000.0,-35300.0,-44.51450189155107,46050.0,79300.0,-33250.0,-41.92938209331652
2026-01-07,Mì - Thực Phẩm Ăn Liền,27200.0,27200.0,0.0,0.0,33900.0,33900.0,0.0,0.0
2026-01-07,Rau - Củ - Trái Cây,37000.0,47900.0,10900.0,29.45945945945946,47900.0,37000.0,10900.0,29.45945945945946
2026-01-07,Sữa Tươi,49500.0,35100.0,-14400.0,-29.09090909090909,36500.0,49500.0,-13000.0,-26.262626262626267
2026-01-07,Thực Phẩm Chế Biến,34950.0,38600.0,3650.0,10.44349070100143,39500.0,34950.0,4550.0,13.01859799713877
2026-01-07,Thực Phẩm Khô,89900.0,53700.0,-36200.0,-40.266963292547274,66700.0,115000.0,-48300.0,-42.0
2026-01-07,Thực Phẩm Đông Lạnh,84200.0,74250.0,-9950.0,-11.817102137767222,75300.0,84200.0,-8900.0,-10.570071258907364
2026-01-07,Trứng - Đậu Hũ,21100.0,51300.0,30200.0,143.12796208530804,51300.0,21100.0,30200.0,143.12796208530804
2026-01-08,Chăm Sóc Bé,60900.0,85400.0,24500.0,40.229885057471265,86200.0,129000.0,-42800.0,-33.17829457364341
2026-01-08,Gia Vị,84600.0,39150.0,-45450.0,-53.72340425531915,40650.0,88150.0,-47500.0,-53.885422575155985
2026-01-08,Mì - Thực Phẩm Ăn Liền,27200.0,23550.0,-3650.0,-13.419117647058822,29550.0,33900.0,-4350.0,-12.831858407079647
2026-01-08,Rau - Củ - Trái Cây,49900.0,43400.0,-6500.0,-13.026052104208416,43400.0,49900.0,-6500.0,-13.026052104208416
2026-01-08,Sữa Tươi,26200.0,26100.0,-100.0,-0.38167938931297707,31100.0,26200.0,4900.0,18.702290076335878
2026-01-08,Thực Phẩm Chế Biến,35000.0,38200.0,3200.0,9.142857142857142,38900.0,35000.0,3900.0,11.142857142857142
2026-01-08,Thực Phẩm Khô,62400.0,46700.0,-15700.0,-25.16025641025641,54600.0,69300.0,-14700.0,-21.21212121212121
2026-01-08,Thực Phẩm Đông Lạnh,84200.0,74500.0,-9700.0,-11.520190023752969,75700.0,84200.0,-8500.0,-10.09501187648456
2026-01-08,Trứng - Đậu Hũ,21100.0,51300.0,30200.0,143.12796208530804,51300.0,21100.0,30200.0,143.12796208530804
2026-01-09,Chăm Sóc Bé,60900.0,85400.0,24500.0,40.229885057471265,86200.0,129000.0,-42800.0,-33.17829457364341
2026-01-09,Mì - Thực Phẩm Ăn Liền,27200.0,27200.0,0.0,0.0,33900.0,33900.0,0.0,0.0
2026-01-09,Rau - Củ - Trái Cây,35000.0,47900.0,12900.0,36.857142857142854,47900.0,39000.0,8900.0,22.82051282051282
2026-01-09,Sữa Tươi,51500.0,35000.0,-16500.0,-32.038834951456316,36500.0,51500.0,-15000.0,-29.126213592233007
2026-01-09,Thực Phẩm Chế Biến,35000.0,38000.0,3000.0,8.571428571428571,38800.0,35000.0,3800.0,10.857142857142858
2026-01-09,Thực Phẩm Khô,53600.0,52300.0,-1300.0,-2.425373134328358,52300.0,53600.0,-1300.0,-2.425373134328358
2026-01-09,Thực Phẩm Đông Lạnh,84200.0,74500.0,-9700.0,-11.520190023752969,75700.0,84200.0,-8500.0,-10.09501187648456
2026-01-09,Trứng - Đậu Hũ,21100.0,51300.0,30200.0,143.12796208530804,51300.0,21100.0,30200.0,143.12796208530804
2026-01-10,Chăm Sóc Bé,60900.0,85400.0,24500.0,40.229885057471265,86200.0,129000.0,-42800.0,-33.17829457364341
2026-01-10,Gia Vị,78000.0,39900.0,-38100.0,-48.84615384615385,40800.0,78000.0,-37200.0,-47.69230769230769
2026-01-10,Mì - Thực Phẩm Ăn Liền,27200.0,27200.0,0.0,0.0,33900.0,33900.0,0.0,0.0
2026-01-10,Rau - Củ - Trái Cây,35000.0,47900.0,12900.0,36.857142857142854,47900.0,39000.0,8900.0,22.82051282051282
2026-01-10,Sữa Tươi,51500.0,35000.0,-16500.0,-32.038834951456316,36500.0,51500.0,-15000.0,-29.126213592233007
2026-01-10,Thực Phẩm Chế Biến,39500.0,38000.0,-1500.0,-3.79746835443038,38800.0,39500.0,-700.0,-1.7721518987341773
2026-01-10,Thực Phẩm Khô,53600.0,52000.0,-1600.0,-2.9850746268656714,52000.0,53600.0,-1600.0,-2.9850746268656714
2026-01-10,Thực Phẩm Đông Lạnh,84000.0,74700.0,-9300.0,-11.071428571428571,76300.0,84000.0,-7700.0,-9.166666666666666
2026-01-10,Trứng - Đậu Hũ,21100.0,51300.0,30200.0,143.12796208530804,51300.0,21100.0,30200.0,143.12796208530804
2026-01-11,Chăm Sóc Bé,60900.0,82650.0,21750.0,35.714285714285715,85800.0,129000.0,-43200.0,-33.48837209302326
2026-01-11,Gia Vị,78650.0,39800.0,-38850.0,-49.396058486967576,40400.0,78650.0,-38250.0,-48.63318499682136
2026-01-11,Mì - Thực Phẩm Ăn Liền,27200.0,23550.0,-3650.0,-13.419117647058822,29550.0,33900.0,-4350.0,-12.831858407079647
2026-01-11,Rau - Củ - Trái Cây,35000.0,47900.0,12900.0,36.857142857142854,47900.0,37000.0,10900.0,29.45945945945946
2026-01-11,Sữa Tươi,51500.0,35000.0,-16500.0,-32.038834951456316,36500.0,51500.0,-15000.0,-29.126213592233007
2026-01-11,Thực Phẩm Chế Biến,44000.0,37450.0,-6550.0,-14.886363636363637,38800.0,44000.0,-5200.0,-11.818181818181818
2026-01-11,Thực Phẩm Khô,53600.0,51600.0,-2000.0,-3.731343283582089,51600.0,53600.0,-2000.0,-3.731343283582089
2026-01-11,Thực Phẩm Đông Lạnh,83800.0,74250.0,-9550.0,-11.39618138424821,75300.0,83800.0,-8500.0,-10.143198090692124
2026-01-11,Trứng - Đậu Hũ,21100.0,51300.0,30200.0,143.12796208530804,51300.0,21100.0,30200.0,143.12796208530804
2026-01-12,Chăm Sóc Bé,60900.0,82650.0,21750.0,35.714285714285715,85800.0,129000.0,-43200.0,-33.48837209302326
2026-01-12,Gia Vị,78650.0,39900.0,-38750.0,-49.268912905276544,40800.0,78650.0,-37850.0,-48.124602670057214
2026-01-12,Mì - Thực Phẩm Ăn Liền,27200.0,23550.0,-3650.0,-13.419117647058822,29550.0,33900.0,-4350.0,-12.831858407079647
2026-01-12,Rau - Củ - Trái Cây,43920.0,39900.0,-4020.0,-9.153005464480875,39900.0,45000.0,-5100.0,-11.333333333333332
2026-01-12,Sữa Tươi,26000.0,25900.0,-100.0,-0.38461538461538464,31200.0,30750.0,450.0,1.4634146341463417
2026-01-12,Thực Phẩm Chế Biến,44500.0,37450.0,-7050.0,-15.842696629213481,38800.0,44500.0,-5700.0,-12.808988764044942
2026-01-12,Thực Phẩm Khô,62400.0,39700.0,-22700.0,-36.378205128205124,41900.0,69300.0,-27400.0,-39.53823953823954
2026-01-12,Thực Phẩm Đông Lạnh,82000.0,74500.0,-7500.0,-9.146341463414634,75700.0,82000.0,-6300.0,-7.682926829268292
2026-01-12,Trứng - Đậu Hũ,21100.0,51300.0,30200.0,143.12796208530804,51300.0,21100.0,30200.0,143.12796208530804
2026-01-13,Chăm Sóc Bé,60900.0,82650.0,21750.0,35.714285714285715,85800.0,129000.0,-43200.0,-33.48837209302326
2026-01-13,Gia Vị,79300.0,40150.0,-39150.0,-49.36948297604035,42900.0,79300.0,-36400.0,-45.90163934426229
2026-01-13,Mì - Thực Phẩm Ăn Liền,27200.0,23550.0,-3650.0,-13.419117647058822,29550.0,33900.0,-4350.0,-12.831858407079647
2026-01-13,Rau - Củ - Trái Cây,36660.0,47400.0,10740.0,29.296235679214405,47400.0,39450.0,7950.0,20.15209125475285
2026-01-13,Sữa Tươi,53500.0,35550.0,-17950.0,-33.55140186915888,36900.0,53500.0,-16600.0,-31.02803738317757
2026-01-13,Thực Phẩm Chế Biến,35000.0,38400.0,3400.0,9.714285714285714,39000.0,35000.0,4000.0,11.428571428571429
2026-01-13,Thực Phẩm Khô,53600.0,52300.0,-1300.0,-2.425373134328358,52300.0,53600.0,-1300.0,-2.425373134328358
2026-01-13,Thực Phẩm Đông Lạnh,82900.0,74000.0,-8900.0,-10.735826296743065,75700.0,82900.0,-7200.0,-8.685162846803378
2026-01-13,Trứng - Đậu Hũ,21100.0,45650.0,24550.0,116.35071090047393,45650.0,21100.0,24550.0,116.35071090047393
2026-01-14,Chăm Sóc Bé,60900.0,82650.0,21750.0,35.714285714285715,85800.0,129000.0,-43200.0,-33.48837209302326
2026-01-14,Gia Vị,78000.0,39900.0,-38100.0,-48.84615384615385,40800.0,78000.0,-37200.0,-47.69230769230769
2026-01-14,Mì - Thực Phẩm Ăn Liền,27200.0,23550.0,-3650.0,-13.419117647058822,29550.0,33900.0,-4350.0,-12.831858407079647
2026-01-14,Rau - Củ - Trái Cây,38320.0,47400.0,9080.0,23.695198329853863,47400.0,39900.0,7500.0,18.796992481203006
2026-01-14,Sữa Tươi,37600.0,35550.0,-2050.0,-5.452127659574469,36700.0,37600.0,-900.0,-2.393617021276596
2026-01-14,Thực Phẩm Chế Biến,34950.0,38600.0,3650.0,10.44349070100143,39500.0,34950.0,4550.0,13.01859799713877
2026-01-14,Thực Phẩm Khô,53600.0,52300.0,-1300.0,-2.425373134328358,52300.0,53600.0,-1300.0,-2.425373134328358
2026-01-14,Thực Phẩm Đông Lạnh,84000.0,76350.0,-7650.0,-9.107142857142856,77250.0,84000.0,-6750.0,-8.035714285714286
2026-01-14,Trứng - Đậu Hũ,14600.0,51300.0,36700.0,251.36986301369865,51300.0,14600.0,36700.0,251.36986301369865
2026-01-15,Chăm Sóc Bé,60900.0,79900.0,19000.0,31.198686371100166,85400.0,129000.0,-43600.0,-33.798449612403104
2026-01-15,Gia Vị,108000.0,36300.0,-71700.0,-66.38888888888889,40500.0,118000.0,-77500.0,-65.67796610169492
2026-01-15,Mì - Thực Phẩm Ăn Liền,27200.0,19900.0,-7300.0,-26.838235294117645,25200.0,33900.0,-8700.0,-25.663716814159294
2026-01-15,Rau - Củ - Trái Cây,38660.0,47400.0,8740.0,22.607346094154167,47400.0,39450.0,7950.0,20.15209125475285
2026-01-15,Sữa Tươi,23350.0,26100.0,2750.0,11.777301927194861,31150.0,27100.0,4050.0,14.944649446494465
2026-01-15,Thực Phẩm Chế Biến,34900.0,38600.0,3700.0,10.601719197707736,39500.0,34900.0,4600.0,13.18051575931232
2026-01-15,Thực Phẩm Khô,40800.0,39050.0,-1750.0,-4.28921568627451,41250.0,42350.0,-1100.0,-2.5974025974025974
2026-01-15,Thực Phẩm Đông Lạnh,79850.0,74000.0,-5850.0,-7.326236693800876,75700.0,79850.0,-4150.0,-5.19724483406387
2026-01-15,Trứng - Đậu Hũ,14600.0,51300.0,36700.0,251.36986301369865,51300.0,14600.0,36700.0,251.36986301369865
2026-01-16,Chăm Sóc Bé,60900.0,85400.0,24500.0,40.229885057471265,86200.0,129000.0,-42800.0,-33.17829457364341
2026-01-16,Gia Vị,91500.0,44000.0,-47500.0,-51.91256830601093,46100.0,95050.0,-48950.0,-51.499210941609675
2026-01-16,Mì - Thực Phẩm Ăn Liền,27200.0,19900.0,-7300.0,-26.838235294117645,25200.0,33900.0,-8700.0,-25.663716814159294
2026-01-16,Rau - Củ - Trái Cây,39900.0,47400.0,7500.0,18.796992481203006,47400.0,39900.0,7500.0,18.796992481203006
2026-01-16,Sữa Tươi,51500.0,36100.0,-15400.0,-29.902912621359224,36900.0,51500.0,-14600.0,-28.349514563106798
2026-01-16,Thực Phẩm Chế Biến,34900.0,39900.0,5000.0,14.326647564469914,41500.0,34900.0,6600.0,18.911174785100286
2026-01-16,Thực Phẩm Khô,53750.0,51600.0,-2150.0,-4.0,51600.0,53750.0,-2150.0,-4.0
2026-01-16,Thực Phẩm Đông Lạnh,79850.0,74250.0,-5600.0,-7.013149655604257,76300.0,79850.0,-3550.0,-4.445835942391985
2026-01-16,Trứng - Đậu Hũ,14600.0,51300.0,36700.0,251.36986301369865,51300.0,14600.0,36700.0,251.36986301369865
2026-01-17,Chăm Sóc Bé,286950.0,92300.0,-194650.0,-67.83411744206308,100750.0,321950.0,-221200.0,-68.70632085727597
2026-01-17,Gia Vị,78000.0,40150.0,-37850.0,-48.52564102564102,41200.0,78000.0,-36800.0,-47.179487179487175
2026-01-17,Mì - Thực Phẩm Ăn Liền,27200.0,23550.0,-3650.0,-13.419117647058822,29550.0,33900.0,-4350.0,-12.831858407079647
2026-01-17,Rau - Củ - Trái Cây,46500.0,47400.0,900.0,1.935483870967742,47400.0,47900.0,-500.0,-1.0438413361169103
2026-01-17,Sữa Tươi,36200.0,34900.0,-1300.0,-3.591160220994475,36100.0,36200.0,-100.0,-0.2762430939226519
2026-01-17,Thực Phẩm Chế Biến,34950.0,39900.0,4950.0,14.163090128755366,41500.0,34950.0,6550.0,18.741058655221746
2026-01-17,Thực Phẩm Khô,53750.0,51600.0,-2150.0,-4.0,51600.0,53750.0,-2150.0,-4.0
2026-01-17,Thực Phẩm Đông Lạnh,79850.0,75100.0,-4750.0,-5.948653725735754,76950.0,79850.0,-2900.0,-3.6318096430807767
2026-01-17,Trứng - Đậu Hũ,14600.0,51300.0,36700.0,251.36986301369865,51300.0,14600.0,36700.0,251.36986301369865
2026-01-18,Chăm Sóc Bé,286950.0,90600.0,-196350.0,-68.42655514898067,105000.0,321950.0,-216950.0,-67.38624009939431
2026-01-18,Mì - Thực Phẩm Ăn Liền,27200.0,23550.0,-3650.0,-13.419117647058822,29550.0,33900.0,-4350.0,-12.831858407079647
2026-01-18,Rau - Củ - Trái Cây,46500.0,50900.0,4400.0,9.46236559139785,50900.0,47880.0,3020.0,6.307435254803676
2026-01-18,Sữa Tươi,37600.0,35200.0,-2400.0,-6.382978723404255,36900.0,37600.0,-700.0,-1.8617021276595744
2026-01-18,Thực Phẩm Chế Biến,34900.0,38400.0,3500.0,10.028653295128938,39000.0,34900.0,4100.0,11.74785100286533
2026-01-18,Thực Phẩm Khô,43500.0,39700.0,-3800.0,-8.735632183908045,41300.0,43500.0,-2200.0,-5.057471264367816
2026-01-18,Thực Phẩm Đông Lạnh,54200.0,93900.0,39700.0,73.24723247232473,110700.0,54200.0,56500.0,104.24354243542436
2026-01-19,Chăm Sóc Bé,60900.0,76800.0,15900.0,26.108374384236456,85800.0,129000.0,-43200.0,-33.48837209302326
2026-01-19,Mì - Thực Phẩm Ăn Liền,27200.0,23550.0,-3650.0,-13.419117647058822,29550.0,33900.0,-4350.0,-12.831858407079647
2026-01-19,Thực Phẩm Khô,53750.0,51600.0,-2150.0,-4.0,51600.0,53750.0,-2150.0,-4.0
2026-01-19,Thực Phẩm Đông Lạnh,83800.0,74250.0,-9550.0,-11.39618138424821,76300.0,83800.0,-7500.0,-8.949880668257757
2026-01-19,Trứng - Đậu Hũ,14600.0,51300.0,36700.0,251.36986301369865,51300.0,14600.0,36700.0,251.36986301369865
2026-01-20,Chăm Sóc Bé,281950.0,84900.0,-197050.0,-69.88827806348642,95900.0,321950.0,-226050.0,-70.2127659574468
2026-01-20,Gia Vị,81200.0,38100.0,-43100.0,-53.07881773399015,42900.0,88150.0,-45250.0,-51.33295519001702
2026-01-20,Rau - Củ - Trái Cây,45000.0,50900.0,5900.0,13.111111111111112,50900.0,46500.0,4400.0,9.46236559139785
2026-01-20,Sữa Tươi,28300.0,31700.0,3400.0,12.014134275618375,36900.0,33500.0,3400.0,10.149253731343283
2026-01-20,Thực Phẩm Chế Biến,35000.0,39000.0,4000.0,11.428571428571429,40000.0,35000.0,5000.0,14.285714285714285
2026-01-20,Thực Phẩm Khô,85400.0,45600.0,-39800.0,-46.604215456674474,54600.0,115000.0,-60400.0,-52.52173913043479
2026-01-20,Thực Phẩm Đông Lạnh,84200.0,79000.0,-5200.0,-6.175771971496437,79000.0,84200.0,-5200.0,-6.175771971496437
2026-01-20,Trứng - Đậu Hũ,14600.0,47800.0,33200.0,227.39726027397262,47800.0,14600.0,33200.0,227.39726027397262
2026-01-21,Chăm Sóc Bé,281950.0,72950.0,-209000.0,-74.12661819471538,76100.0,321950.0,-245850.0,-76.3627892529896
2026-01-21,Gia Vị,55200.0,39900.0,-15300.0,-27.717391304347828,45000.0,61200.0,-16200.0,-26.47058823529412
2026-01-21,Mì - Thực Phẩm Ăn Liền,27200.0,19500.0,-7700.0,-28.308823529411764,25200.0,33900.0,-8700.0,-25.663716814159294
2026-01-21,Rau - Củ - Trái Cây,34320.0,39900.0,5580.0,16.258741258741257,39900.0,34900.0,5000.0,14.326647564469914
2026-01-21,Sữa Tươi,61800.0,45400.0,-16400.0,-26.537216828478964,54600.0,72900.0,-18300.0,-25.102880658436217
2026-01-21,Thực Phẩm Chế Biến,35900.0,39250.0,3350.0,9.331476323119778,39750.0,44000.0,-4250.0,-9.659090909090908
2026-01-21,Thực Phẩm Khô,43500.0,39700.0,-3800.0,-8.735632183908045,41300.0,43500.0,-2200.0,-5.057471264367816
2026-01-21,Thực Phẩm Đông Lạnh,82000.0,76950.0,-5050.0,-6.158536585365853,76950.0,82000.0,-5050.0,-6.158536585365853
2026-01-21,Trứng - Đậu Hũ,16050.0,47800.0,31750.0,197.81931464174457,47800.0,16050.0,31750.0,197.81931464174457
2026-01-22,Chăm Sóc Bé,49000.0,82650.0,33650.0,68.6734693877551,89750.0,60900.0,28850.0,47.3727422003284
2026-01-22,Mì - Thực Phẩm Ăn Liền,27200.0,19500.0,-7700.0,-28.308823529411764,25200.0,33900.0,-8700.0,-25.663716814159294
2026-01-22,Rau - Củ - Trái Cây,46200.0,50900.0,4700.0,10.173160173160174,50900.0,49000.0,1900.0,3.877551020408163
2026-01-22,Sữa Tươi,46900.0,37500.0,-9400.0,-20.042643923240938,46400.0,53500.0,-7100.0,-13.271028037383179
2026-01-22,Thực Phẩm Chế Biến,143900.0,64000.0,-79900.0,-55.52466990965949,71900.0,160400.0,-88500.0,-55.17456359102244
2026-01-22,Thực Phẩm Khô,53750.0,52000.0,-1750.0,-3.255813953488372,52000.0,53750.0,-1750.0,-3.255813953488372
2026-01-22,Thực Phẩm Đông Lạnh,82000.0,76900.0,-5100.0,-6.219512195121951,76900.0,82000.0,-5100.0,-6.219512195121951
2026-01-22,Trứng - Đậu Hũ,16050.0,43900.0,27850.0,173.5202492211838,43900.0,16050.0,27850.0,173.5202492211838
2026-01-23,Chăm Sóc Bé,49000.0,79900.0,30900.0,63.06122448979592,86200.0,60900.0,25300.0,41.54351395730706
2026-01-23,Gia Vị,79300.0,41600.0,-37700.0,-47.540983606557376,45750.0,79300.0,-33550.0,-42.30769230769231
2026-01-23,Mì - Thực Phẩm Ăn Liền,27200.0,19500.0,-7700.0,-28.308823529411764,25200.0,33900.0,-8700.0,-25.663716814159294
2026-01-23,Rau - Củ - Trái Cây,45000.0,50900.0,5900.0,13.111111111111112,50900.0,47900.0,3000.0,6.263048016701461
2026-01-23,Sữa Tươi,42950.0,36500.0,-6450.0,-15.017462165308498,37800.0,44250.0,-6450.0,-14.576271186440678
2026-01-23,Thực Phẩm Chế Biến,34950.0,41500.0,6550.0,18.741058655221746,41500.0,34950.0,6550.0,18.741058655221746
2026-01-23,Thực Phẩm Khô,51600.0,52600.0,1000.0,1.937984496124031,53500.0,51600.0,1900.0,3.6821705426356592
2026-01-23,Thực Phẩm Đông Lạnh,82000.0,76950.0,-5050.0,-6.158536585365853,76950.0,82000.0,-5050.0,-6.158536585365853
2026-01-23,Trứng - Đậu Hũ,16050.0,44000.0,27950.0,174.14330218068537,44000.0,16050.0,27950.0,174.14330218068537
2026-01-24,Chăm Sóc Bé,49000.0,72800.0,23800.0,48.57142857142857,73700.0,60900.0,12800.0,21.01806239737274
2026-01-24,Gia Vị,78650.0,39900.0,-38750.0,-49.268912905276544,40800.0,78650.0,-37850.0,-48.124602670057214
2026-01-24,Mì - Thực Phẩm Ăn Liền,27200.0,19500.0,-7700.0,-28.308823529411764,25200.0,33900.0,-8700.0,-25.663716814159294
2026-01-24,Rau - Củ - Trái Cây,39900.0,50900.0,11000.0,27.56892230576441,50900.0,44400.0,6500.0,14.63963963963964
2026-01-24,Sữa Tươi,61800.0,45400.0,-16400.0,-26.537216828478964,54600.0,72900.0,-18300.0,-25.102880658436217
2026-01-24,Thực Phẩm Chế Biến,35450.0,39250.0,3800.0,10.719322990126939,39750.0,39500.0,250.0,0.6329113924050633
2026-01-24,Thực Phẩm Khô,53750.0,51600.0,-2150.0,-4.0,52300.0,53750.0,-1450.0,-2.697674418604651
2026-01-24,Thực Phẩm Đông Lạnh,82000.0,76900.0,-5100.0,-6.219512195121951,76900.0,82000.0,-5100.0,-6.219512195121951
2026-01-24,Trứng - Đậu Hũ,16050.0,35000.0,18950.0,118.06853582554517,35000.0,16050.0,18950.0,118.06853582554517
2026-01-25,Rau - Củ - Trái Cây,39900.0,50900.0,11000.0,27.56892230576441,50900.0,41400.0,9500.0,22.946859903381643
2026-01-25,Sữa Tươi,46900.0,36300.0,-10600.0,-22.60127931769723,37200.0,51500.0,-14300.0,-27.766990291262132
2026-01-25,Thực Phẩm Chế Biến,39950.0,41500.0,1550.0,3.879849812265332,41500.0,44500.0,-3000.0,-6.741573033707865
2026-01-26,Chăm Sóc Bé,54950.0,79900.0,24950.0,45.4049135577798,86200.0,94950.0,-8750.0,-9.215376513954714
2026-01-26,Gia Vị,75000.0,40400.0,-34600.0,-46.13333333333333,45000.0,75000.0,-30000.0,-40.0
2026-01-26,Mì - Thực Phẩm Ăn Liền,27200.0,19500.0,-7700.0,-28.308823529411764,25200.0,33900.0,-8700.0,-25.663716814159294
2026-01-26,Rau - Củ - Trái Cây,39900.0,50900.0,11000.0,27.56892230576441,50900.0,41400.0,9500.0,22.946859903381643
2026-01-26,Sữa Tươi,46900.0,36400.0,-10500.0,-22.388059701492537,37500.0,51500.0,-14000.0,-27.184466019417474
2026-01-26,Thực Phẩm Chế Biến,35900.0,69000.0,33100.0,92.20055710306406,69000.0,45900.0,23100.0,50.326797385620914
2026-01-26,Thực Phẩm Khô,53750.0,52000.0,-1750.0,-3.255813953488372,52000.0,53750.0,-1750.0,-3.255813953488372
2026-01-26,Thực Phẩm Đông Lạnh,83800.0,76900.0,-6900.0,-8.233890214797137,76900.0,83800.0,-6900.0,-8.233890214797137
2026-01-26,Trứng - Đậu Hũ,16050.0,36500.0,20450.0,127.41433021806854,36500.0,16050.0,20450.0,127.41433021806854
2026-01-27,Chăm Sóc Bé,54950.0,79900.0,24950.0,45.4049135577798,86200.0,94950.0,-8750.0,-9.215376513954714
2026-01-27,Mì - Thực Phẩm Ăn Liền,27200.0,19500.0,-7700.0,-28.308823529411764,25200.0,33900.0,-8700.0,-25.663716814159294
2026-01-27,Rau - Củ - Trái Cây,26960.0,87200.0,60240.0,223.44213649851633,109000.0,33700.0,75300.0,223.44213649851633
2026-01-27,Sữa Tươi,46900.0,37500.0,-9400.0,-20.042643923240938,44450.0,53500.0,-9050.0,-16.91588785046729
2026-01-27,Thực Phẩm Chế Biến,34950.0,39000.0,4050.0,11.587982832618025,39500.0,34950.0,4550.0,13.01859799713877
2026-01-27,Thực Phẩm Khô,53750.0,52000.0,-1750.0,-3.255813953488372,52000.0,53750.0,-1750.0,-3.255813953488372
2026-01-27,Thực Phẩm Đông Lạnh,84000.0,73850.0,-10150.0,-12.083333333333334,73850.0,84000.0,-10150.0,-12.083333333333334
2026-01-27,Trứng - Đậu Hũ,16050.0,47800.0,31750.0,197.81931464174457,47800.0,16050.0,31750.0,197.81931464174457
2026-01-28,Chăm Sóc Bé,49000.0,82650.0,33650.0,68.6734693877551,89750.0,60900.0,28850.0,47.3727422003284
2026-01-28,Mì - Thực Phẩm Ăn Liền,27200.0,19500.0,-7700.0,-28.308823529411764,25200.0,33900.0,-8700.0,-25.663716814159294
2026-01-28,Rau - Củ - Trái Cây,42900.0,50900.0,8000.0,18.64801864801865,50900.0,45900.0,5000.0,10.893246187363834
2026-01-28,Sữa Tươi,46900.0,34600.0,-12300.0,-26.226012793176974,36900.0,51500.0,-14600.0,-28.349514563106798
2026-01-28,Thực Phẩm Chế Biến,152900.0,51150.0,-101750.0,-66.54676258992805,54450.0,166950.0,-112500.0,-67.38544474393531
2026-01-28,Thực Phẩm Khô,53750.0,52000.0,-1750.0,-3.255813953488372,52000.0,53750.0,-1750.0,-3.255813953488372
2026-01-28,Thực Phẩm Đông Lạnh,88250.0,83050.0,-5200.0,-5.8923512747875355,83050.0,88250.0,-5200.0,-5.8923512747875355
2026-01-28,Trứng - Đậu Hũ,16050.0,41400.0,25350.0,157.94392523364488,41400.0,16050.0,25350.0,157.94392523364488
2026-01-29,Chăm Sóc Bé,49000.0,73700.0,24700.0,50.40816326530613,85400.0,60900.0,24500.0,40.229885057471265
2026-01-29,Gia Vị,81200.0,35150.0,-46050.0,-56.71182266009852,40250.0,88150.0,-47900.0,-54.339194554736245
2026-01-29,Mì - Thực Phẩm Ăn Liền,27200.0,19500.0,-7700.0,-28.308823529411764,25200.0,33900.0,-8700.0,-25.663716814159294
2026-01-29,Rau - Củ - Trái Cây,39900.0,50900.0,11000.0,27.56892230576441,50900.0,39900.0,11000.0,27.56892230576441
2026-01-29,Sữa Tươi,46900.0,36100.0,-10800.0,-23.02771855010661,36900.0,51500.0,-14600.0,-28.349514563106798
2026-01-29,Thực Phẩm Chế Biến,34900.0,43100.0,8200.0,23.49570200573066,48500.0,34900.0,13600.0,38.96848137535817
2026-01-29,Thực Phẩm Khô,53750.0,52000.0,-1750.0,-3.255813953488372,52000.0,53750.0,-1750.0,-3.255813953488372
2026-01-29,Thực Phẩm Đông Lạnh,82000.0,85900.0,3900.0,4.7560975609756095,85900.0,82000.0,3900.0,4.7560975609756095
2026-01-29,Trứng - Đậu Hũ,16050.0,50400.0,34350.0,214.01869158878503,50400.0,16050.0,34350.0,214.01869158878503
2026-01-30,Chăm Sóc Bé,44550.0,72950.0,28400.0,63.74859708193041,82350.0,88000.0,-5650.0,-6.420454545454546
2026-01-30,Gia Vị,55200.0,35300.0,-19900.0,-36.05072463768116,40800.0,61200.0,-20400.0,-33.33333333333333
2026-01-30,Mì - Thực Phẩm Ăn Liền,27200.0,19500.0,-7700.0,-28.308823529411764,25200.0,33900.0,-8700.0,-25.663716814159294
2026-01-30,Rau - Củ - Trái Cây,44400.0,47900.0,3500.0,7.882882882882883,47900.0,44400.0,3500.0,7.882882882882883
2026-01-30,Sữa Tươi,46900.0,32100.0,-14800.0,-31.556503198294244,37850.0,53500.0,-15650.0,-29.252336448598133
2026-01-30,Thực Phẩm Chế Biến,152900.0,66500.0,-86400.0,-56.50752125572269,70450.0,166950.0,-96500.0,-57.80173704702006
2026-01-30,Thực Phẩm Khô,79900.0,38000.0,-41900.0,-52.44055068836045,38000.0,95100.0,-57100.0,-60.042060988433235
2026-01-30,Thực Phẩm Đông Lạnh,88250.0,83050.0,-5200.0,-5.8923512747875355,83050.0,88250.0,-5200.0,-5.8923512747875355
2026-01-30,Trứng - Đậu Hũ,16600.0,47800.0,31200.0,187.95180722891567,47800.0,16600.0,31200.0,187.95180722891567
2026-01-31,Chăm Sóc Bé,49000.0,76800.0,27800.0,56.734693877551024,85800.0,60900.0,24900.0,40.88669950738916
2026-01-31,Mì - Thực Phẩm Ăn Liền,27200.0,19500.0,-7700.0,-28.308823529411764,25200.0,33900.0,-8700.0,-25.663716814159294
2026-01-31,Rau - Củ - Trái Cây,43410.0,47900.0,4490.0,10.343238885049526,47900.0,44400.0,3500.0,7.882882882882883
2026-01-31,Sữa Tươi,46900.0,36050.0,-10850.0,-23.134328358208954,36900.0,51500.0,-14600.0,-28.349514563106798
2026-01-31,Thực Phẩm Chế Biến,34900.0,39250.0,4350.0,12.464183381088825,39750.0,34900.0,4850.0,13.896848137535816
2026-01-31,Thực Phẩm Khô,53750.0,51200.0,-2550.0,-4.744186046511628,51200.0,53750.0,-2550.0,-4.744186046511628
2026-01-31,Thực Phẩm Đông Lạnh,79850.0,75100.0,-4750.0,-5.948653725735754,75100.0,79850.0,-4750.0,-5.948653725735754
2026-01-31,Trứng - Đậu Hũ,16600.0,50400.0,33800.0,203.6144578313253,50400.0,16600.0,33800.0,203.6144578313253
2026-02-01,Chăm Sóc Bé,59000.0,76800.0,17800.0,30.16949152542373,85800.0,60900.0,24900.0,40.88669950738916
2026-02-01,Rau - Củ - Trái Cây,41400.0,47900.0,6500.0,15.70048309178744,47900.0,43875.0,4025.0,9.173789173789174
2026-02-01,Sữa Tươi,46900.0,36100.0,-10800.0,-23.02771855010661,36900.0,53500.0,-16600.0,-31.02803738317757
2026-02-01,Thực Phẩm Chế Biến,34900.0,38900.0,4000.0,11.461318051575931,39250.0,34900.0,4350.0,12.464183381088825
2026-02-01,Thực Phẩm Khô,53750.0,51100.0,-2650.0,-4.930232558139535,51100.0,53750.0,-2650.0,-4.930232558139535
2026-02-01,Thực Phẩm Đông Lạnh,79850.0,74900.0,-4950.0,-6.1991233562930494,74900.0,79850.0,-4950.0,-6.1991233562930494
2026-02-01,Trứng - Đậu Hũ,16600.0,53000.0,36400.0,219.27710843373495,53000.0,16600.0,36400.0,219.27710843373495
2026-02-02,Bánh Kẹo,36250.0,40800.0,4550.0,12.551724137931034,41300.0,36700.0,4600.0,12.534059945504087
2026-02-02,Chăm Sóc Bé,59000.0,73700.0,14700.0,24.91525423728814,85400.0,60900.0,24500.0,40.229885057471265
2026-02-02,Rau - Củ - Trái Cây,43410.0,50900.0,7490.0,17.254088919603777,50900.0,45375.0,5525.0,12.176308539944904
2026-02-02,Sữa Tươi,46900.0,35750.0,-11150.0,-23.773987206823026,36500.0,51500.0,-15000.0,-29.126213592233007
2026-02-02,Thực Phẩm Chế Biến,35000.0,38800.0,3800.0,10.857142857142858,39000.0,35000.0,4000.0,11.428571428571429
2026-02-02,Thực Phẩm Khô,60900.0,37250.0,-23650.0,-38.83415435139573,37950.0,69300.0,-31350.0,-45.23809523809524
2026-02-02,Thực Phẩm Đông Lạnh,79850.0,74700.0,-5150.0,-6.4495929868503445,74700.0,79850.0,-5150.0,-6.4495929868503445
2026-02-02,Trứng - Đậu Hũ,16600.0,53000.0,36400.0,219.27710843373495,53000.0,16600.0,36400.0,219.27710843373495
2026-02-03,Bánh Kẹo,39500.0,104900.0,65400.0,165.56962025316454,133600.0,48500.0,85100.0,175.46391752577318
2026-02-03,Chăm Sóc Bé,59000.0,73100.0,14100.0,23.898305084745765,86200.0,129000.0,-42800.0,-33.17829457364341
2026-02-03,Rau - Củ - Trái Cây,39900.0,43400.0,3500.0,8.771929824561402,43400.0,42375.0,1025.0,2.4188790560471976
2026-02-03,Sữa Tươi,199300.0,27000.0,-172300.0,-86.45258404415455,33900.0,239000.0,-205100.0,-85.81589958158996
2026-02-03,Thực Phẩm Chế Biến,35900.0,38900.0,3000.0,8.356545961002785,48600.0,45900.0,2700.0,5.88235294117647
2026-02-03,Thực Phẩm Khô,45000.0,45400.0,400.0,0.8888888888888888,52600.0,45000.0,7600.0,16.88888888888889
2026-02-03,Thực Phẩm Đông Lạnh,68800.0,83500.0,14700.0,21.36627906976744,86900.0,74500.0,12400.0,16.644295302013422
2026-02-03,Trứng - Đậu Hũ,11000.0,47800.0,36800.0,334.5454545454545,47800.0,11000.0,36800.0,334.5454545454545
2026-02-04,Bánh Kẹo,58450.0,84950.0,26500.0,45.33789563729683,106800.0,72750.0,34050.0,46.8041237113402
2026-02-04,Chăm Sóc Bé,60900.0,82400.0,21500.0,35.30377668308703,89750.0,129000.0,-39250.0,-30.426356589147286
2026-02-04,Rau - Củ - Trái Cây,49900.0,45900.0,-4000.0,-8.016032064128256,46900.0,49900.0,-3000.0,-6.012024048096192
2026-02-04,Sữa Tươi,61800.0,30600.0,-31200.0,-50.48543689320388,36500.0,72900.0,-36400.0,-49.93141289437586
2026-02-04,Thực Phẩm Chế Biến,39500.0,36750.0,-2750.0,-6.962025316455696,37850.0,39500.0,-1650.0,-4.177215189873418
2026-02-04,Thực Phẩm Khô,87900.0,49200.0,-38700.0,-44.027303754266214,60600.0,119900.0,-59300.0,-49.45788156797331
2026-02-04,Thực Phẩm Đông Lạnh,79850.0,81000.0,1150.0,1.440200375704446,81000.0,79850.0,1150.0,1.440200375704446
2026-02-04,Trứng - Đậu Hũ,16600.0,35400.0,18800.0,113.25301204819279,35400.0,16600.0,18800.0,113.25301204819279
2026-02-05,Bánh Kẹo,35600.0,36550.0,950.0,2.6685393258426964,38100.0,35900.0,2200.0,6.128133704735376
2026-02-05,Chăm Sóc Bé,60900.0,82400.0,21500.0,35.30377668308703,89750.0,129000.0,-39250.0,-30.426356589147286
2026-02-05,Rau - Củ - Trái Cây,45375.0,47400.0,2025.0,4.462809917355372,50900.0,47200.0,3700.0,7.838983050847458
2026-02-05,Sữa Tươi,51500.0,35200.0,-16300.0,-31.650485436893206,36700.0,51500.0,-14800.0,-28.7378640776699
2026-02-05,Thực Phẩm Chế Biến,34950.0,38900.0,3950.0,11.301859799713878,39500.0,34950.0,4550.0,13.01859799713877
2026-02-05,Thực Phẩm Khô,79900.0,39700.0,-40200.0,-50.31289111389236,41300.0,95100.0,-53800.0,-56.57202944269191
2026-02-05,Thực Phẩm Đông Lạnh,82000.0,73350.0,-8650.0,-10.548780487804878,76300.0,82000.0,-5700.0,-6.951219512195123
2026-02-05,Trứng - Đậu Hũ,16600.0,52450.0,35850.0,215.96385542168676,52450.0,16600.0,35850.0,215.96385542168676
2026-02-06,Bánh Kẹo,36250.0,37700.0,1450.0,4.0,40800.0,37450.0,3350.0,8.945260347129507
2026-02-06,Chăm Sóc Bé,60900.0,82400.0,21500.0,35.30377668308703,89750.0,129000.0,-39250.0,-30.426356589147286
2026-02-06,Rau - Củ - Trái Cây,39900.0,47400.0,7500.0,18.796992481203006,50900.0,44850.0,6050.0,13.489409141583057
2026-02-06,Sữa Tươi,51500.0,35600.0,-15900.0,-30.87378640776699,36700.0,51500.0,-14800.0,-28.7378640776699
2026-02-06,Thực Phẩm Chế Biến,34900.0,38900.0,4000.0,11.461318051575931,41500.0,34900.0,6600.0,18.911174785100286
2026-02-06,Thực Phẩm Khô,53750.0,50000.0,-3750.0,-6.976744186046512,51200.0,53750.0,-2550.0,-4.744186046511628
2026-02-06,Thực Phẩm Đông Lạnh,79850.0,74000.0,-5850.0,-7.326236693800876,76900.0,79850.0,-2950.0,-3.6944270507201002
2026-02-06,Trứng - Đậu Hũ,16600.0,35400.0,18800.0,113.25301204819279,35400.0,16600.0,18800.0,113.25301204819279
2026-02-07,Bánh Kẹo,35500.0,36050.0,550.0,1.5492957746478873,37450.0,35600.0,1850.0,5.196629213483146
2026-02-07,Chăm Sóc Bé,59950.0,85400.0,25450.0,42.45204336947456,93300.0,94950.0,-1650.0,-1.7377567140600316
2026-02-07,Rau - Củ - Trái Cây,39900.0,47400.0,7500.0,18.796992481203006,50900.0,39900.0,11000.0,27.56892230576441
2026-02-07,Sữa Tươi,51500.0,35200.0,-16300.0,-31.650485436893206,36500.0,51500.0,-15000.0,-29.126213592233007
2026-02-07,Thực Phẩm Chế Biến,45900.0,39000.0,-6900.0,-15.032679738562091,42200.0,45900.0,-3700.0,-8.061002178649238
2026-02-07,Thực Phẩm Khô,53600.0,50000.0,-3600.0,-6.7164179104477615,51600.0,53600.0,-2000.0,-3.731343283582089
2026-02-07,Thực Phẩm Đông Lạnh,82900.0,73850.0,-9050.0,-10.9167671893848,76300.0,82900.0,-6600.0,-7.961399276236429
2026-02-07,Trứng - Đậu Hũ,16600.0,52450.0,35850.0,215.96385542168676,52450.0,16600.0,35850.0,215.96385542168676
2026-02-08,Bánh Kẹo,69000.0,98950.0,29950.0,43.405797101449274,129900.0,85900.0,44000.0,51.222351571594885
2026-02-08,Chăm Sóc Bé,60900.0,79900.0,19000.0,31.198686371100166,86200.0,129000.0,-42800.0,-33.17829457364341
2026-02-08,Gia Vị,184750.0,32100.0,-152650.0,-82.6251691474966,39900.0,210000.0,-170100.0,-81.0
2026-02-08,Rau - Củ - Trái Cây,39900.0,47400.0,7500.0,18.796992481203006,50900.0,39900.0,11000.0,27.56892230576441
2026-02-08,Sữa Tươi,61800.0,30600.0,-31200.0,-50.48543689320388,36500.0,72900.0,-36400.0,-49.93141289437586
2026-02-08,Thực Phẩm Chế Biến,152900.0,56000.0,-96900.0,-63.37475474166122,60200.0,166950.0,-106750.0,-63.941299790356396
2026-02-08,Thực Phẩm Khô,53600.0,50000.0,-3600.0,-6.7164179104477615,51200.0,53600.0,-2400.0,-4.477611940298507
2026-02-08,Thực Phẩm Đông Lạnh,84000.0,75300.0,-8700.0,-10.357142857142858,78800.0,84000.0,-5200.0,-6.190476190476191
2026-02-08,Trứng - Đậu Hũ,16600.0,52450.0,35850.0,215.96385542168676,52450.0,16600.0,35850.0,215.96385542168676
2026-02-09,Bánh Kẹo,62950.0,167000.0,104050.0,165.2899126290707,237000.0,98500.0,138500.0,140.60913705583758
2026-02-09,Chăm Sóc Bé,286950.0,85150.0,-201800.0,-70.32584073880467,95900.0,321950.0,-226050.0,-70.2127659574468
2026-02-09,Gia Vị,91250.0,41400.0,-49850.0,-54.630136986301366,46900.0,95050.0,-48150.0,-50.65754865860074
2026-02-09,Rau - Củ - Trái Cây,49900.0,45900.0,-4000.0,-8.016032064128256,46900.0,55000.0,-8100.0,-14.727272727272728
2026-02-09,Sữa Tươi,61800.0,30600.0,-31200.0,-50.48543689320388,36500.0,72900.0,-36400.0,-49.93141289437586
2026-02-09,Thực Phẩm Khô,87900.0,51200.0,-36700.0,-41.75199089874857,69500.0,119900.0,-50400.0,-42.035029190992496
2026-02-09,Thực Phẩm Đông Lạnh,88250.0,81750.0,-6500.0,-7.365439093484419,83050.0,88250.0,-5200.0,-5.8923512747875355
2026-02-09,Trứng - Đậu Hũ,16600.0,25150.0,8550.0,51.50602409638554,25150.0,16600.0,8550.0,51.50602409638554
2026-02-10,Bánh Kẹo,38300.0,53100.0,14800.0,38.642297650130544,58600.0,46000.0,12600.0,27.391304347826086
2026-02-10,Chăm Sóc Bé,60900.0,79900.0,19000.0,31.198686371100166,86200.0,129000.0,-42800.0,-33.17829457364341
2026-02-10,Gia Vị,262000.0,31100.0,-230900.0,-88.1297709923664,39800.0,302000.0,-262200.0,-86.82119205298014
2026-02-10,Rau - Củ - Trái Cây,28960.0,67050.0,38090.0,131.52624309392266,81950.0,36400.0,45550.0,125.13736263736264
2026-02-10,Sữa Tươi,61800.0,30600.0,-31200.0,-50.48543689320388,36500.0,72900.0,-36400.0,-49.93141289437586
2026-02-10,Thực Phẩm Chế Biến,152900.0,37200.0,-115700.0,-75.67037279267495,45800.0,166950.0,-121150.0,-72.56663671758011
2026-02-10,Thực Phẩm Khô,87900.0,49200.0,-38700.0,-44.027303754266214,60600.0,119900.0,-59300.0,-49.45788156797331
2026-02-10,Thực Phẩm Đông Lạnh,104000.0,81450.0,-22550.0,-21.682692307692307,82750.0,104000.0,-21250.0,-20.432692307692307
2026-02-10,Trứng - Đậu Hũ,16600.0,19500.0,2900.0,17.46987951807229,19500.0,16600.0,2900.0,17.46987951807229
2026-02-11,Bánh Kẹo,69000.0,71300.0,2300.0,3.3333333333333335,71300.0,85900.0,-14600.0,-16.996507566938302
2026-02-11,Chăm Sóc Bé,286950.0,85150.0,-201800.0,-70.32584073880467,95900.0,321950.0,-226050.0,-70.2127659574468
2026-02-11,Gia Vị,256500.0,40200.0,-216300.0,-84.32748538011697,46900.0,287450.0,-240550.0,-83.68411897721343
2026-02-11,Rau - Củ - Trái Cây,39900.0,47400.0,7500.0,18.796992481203006,50900.0,39900.0,11000.0,27.56892230576441
2026-02-11,Sữa Tươi,42850.0,36200.0,-6650.0,-15.519253208868145,37500.0,44250.0,-6750.0,-15.254237288135593
2026-02-11,Thực Phẩm Chế Biến,44000.0,38900.0,-5100.0,-11.59090909090909,41500.0,44000.0,-2500.0,-5.681818181818182
2026-02-11,Thực Phẩm Khô,44250.0,45100.0,850.0,1.92090395480226,49000.0,44250.0,4750.0,10.734463276836157
2026-02-11,Thực Phẩm Đông Lạnh,77700.0,74000.0,-3700.0,-4.761904761904762,76900.0,77700.0,-800.0,-1.0296010296010296
2026-02-11,Trứng - Đậu Hũ,16600.0,51900.0,35300.0,212.65060240963854,51900.0,16600.0,35300.0,212.65060240963854
2026-02-12,Bánh Kẹo,43900.0,105950.0,62050.0,141.34396355353076,141950.0,68250.0,73700.0,107.98534798534799
2026-02-12,Chăm Sóc Bé,286950.0,82400.0,-204550.0,-71.28419585293605,95900.0,321950.0,-226050.0,-70.2127659574468
2026-02-12,Rau - Củ - Trái Cây,39900.0,47400.0,7500.0,18.796992481203006,50900.0,39900.0,11000.0,27.56892230576441
2026-02-12,Thực Phẩm Chế Biến,34900.0,38800.0,3900.0,11.174785100286533,39000.0,34900.0,4100.0,11.74785100286533
2026-02-12,Thực Phẩm Khô,79900.0,42500.0,-37400.0,-46.808510638297875,42500.0,95100.0,-52600.0,-55.310199789695055
2026-02-12,Thực Phẩm Đông Lạnh,59900.0,82200.0,22300.0,37.228714524207014,84800.0,71300.0,13500.0,18.93408134642356
2026-02-12,Trứng - Đậu Hũ,16600.0,51900.0,35300.0,212.65060240963854,51900.0,16600.0,35300.0,212.65060240963854
2026-02-13,Bánh Kẹo,38500.0,54950.0,16450.0,42.72727272727273,60350.0,47000.0,13350.0,28.404255319148934
2026-02-13,Chăm Sóc Bé,59000.0,73100.0,14100.0,23.898305084745765,73700.0,129000.0,-55300.0,-42.86821705426356
2026-02-13,Rau - Củ - Trái Cây,18210.0,67050.0,48840.0,268.2042833607908,81950.0,23200.0,58750.0,253.23275862068962
2026-02-13,Thực Phẩm Khô,87900.0,49200.0,-38700.0,-44.027303754266214,60600.0,119900.0,-59300.0,-49.45788156797331
2026-02-13,Thực Phẩm Đông Lạnh,59900.0,82200.0,22300.0,37.228714524207014,84800.0,71300.0,13500.0,18.93408134642356
2026-02-13,Trứng - Đậu Hũ,16600.0,51900.0,35300.0,212.65060240963854,51900.0,16600.0,35300.0,212.65060240963854
2026-02-14,Bánh Kẹo,60450.0,98900.0,38450.0,63.60628618693135,129450.0,76750.0,52700.0,68.66449511400651
2026-02-14,Chăm Sóc Bé,59950.0,79550.0,19600.0,32.69391159299416,89350.0,94950.0,-5600.0,-5.897840968931016
2026-02-14,Gia Vị,256500.0,34750.0,-221750.0,-86.45224171539961,40650.0,287450.0,-246800.0,-85.85841015828841
2026-02-14,Rau - Củ - Trái Cây,39900.0,47400.0,7500.0,18.796992481203006,50900.0,39900.0,11000.0,27.56892230576441
2026-02-14,Sữa Tươi,36200.0,36050.0,-150.0,-0.4143646408839779,37050.0,39000.0,-1950.0,-5.0
2026-02-14,Thực Phẩm Chế Biến,152900.0,48850.0,-104050.0,-68.05101373446696,48850.0,166950.0,-118100.0,-70.73974243785564
2026-02-14,Thực Phẩm Khô,79900.0,39700.0,-40200.0,-50.31289111389236,41300.0,95100.0,-53800.0,-56.57202944269191
2026-02-14,Thực Phẩm Đông Lạnh,99300.0,75300.0,-24000.0,-24.169184290030213,78150.0,99300.0,-21150.0,-21.299093655589125
2026-02-14,Trứng - Đậu Hũ,16600.0,51900.0,35300.0,212.65060240963854,51900.0,16600.0,35300.0,212.65060240963854
2026-02-15,Bánh Kẹo,38500.0,52500.0,14000.0,36.36363636363637,58800.0,46000.0,12800.0,27.82608695652174
2026-02-15,Chăm Sóc Bé,60900.0,73700.0,12800.0,21.01806239737274,85400.0,129000.0,-43600.0,-33.798449612403104
2026-02-15,Rau - Củ - Trái Cây,46460.0,42900.0,-3560.0,-7.662505380972879,43400.0,49450.0,-6050.0,-12.234580384226492
2026-02-15,Sữa Tươi,26200.0,30600.0,4400.0,16.793893129770993,33900.0,28000.0,5900.0,21.071428571428573
2026-02-15,Thực Phẩm Chế Biến,34950.0,38800.0,3850.0,11.015736766809727,39000.0,34950.0,4050.0,11.587982832618025
2026-02-15,Thực Phẩm Khô,51300.0,47600.0,-3700.0,-7.212475633528265,51100.0,51300.0,-200.0,-0.3898635477582846
2026-02-15,Thực Phẩm Đông Lạnh,89550.0,74900.0,-14650.0,-16.359575656058066,78800.0,89550.0,-10750.0,-12.004466778336125
2026-02-15,Trứng - Đậu Hũ,16600.0,51900.0,35300.0,212.65060240963854,51900.0,16600.0,35300.0,212.65060240963854
2026-02-16,Bánh Kẹo,33500.0,34500.0,1000.0,2.9850746268656714,35800.0,33500.0,2300.0,6.865671641791045
2026-02-16,Chăm Sóc Bé,59950.0,79550.0,19600.0,32.69391159299416,89350.0,94950.0,-5600.0,-5.897840968931016
2026-02-16,Gia Vị,78000.0,40050.0,-37950.0,-48.65384615384615,41900.0,78000.0,-36100.0,-46.282051282051285
2026-02-16,Rau - Củ - Trái Cây,39900.0,47400.0,7500.0,18.796992481203006,50900.0,39900.0,11000.0,27.56892230576441
2026-02-16,Sữa Tươi,35350.0,35100.0,-250.0,-0.7072135785007072,36050.0,36200.0,-150.0,-0.4143646408839779
2026-02-16,Thực Phẩm Chế Biến,34300.0,36200.0,1900.0,5.539358600583091,38800.0,34300.0,4500.0,13.119533527696792
2026-02-16,Thực Phẩm Khô,53600.0,47600.0,-6000.0,-11.194029850746269,50500.0,53600.0,-3100.0,-5.7835820895522385
2026-02-16,Thực Phẩm Đông Lạnh,94500.0,74900.0,-19600.0,-20.74074074074074,78800.0,94500.0,-15700.0,-16.613756613756614
2026-02-16,Trứng - Đậu Hũ,16600.0,53000.0,36400.0,219.27710843373495,53000.0,16600.0,36400.0,219.27710843373495
2026-02-17,Bánh Kẹo,33500.0,34700.0,1200.0,3.582089552238806,36000.0,33500.0,2500.0,7.462686567164178
2026-02-17,Chăm Sóc Bé,60900.0,73700.0,12800.0,21.01806239737274,85400.0,129000.0,-43600.0,-33.798449612403104
2026-02-17,Gia Vị,78000.0,40200.0,-37800.0,-48.46153846153846,45800.0,78000.0,-32200.0,-41.28205128205128
2026-02-17,Rau - Củ - Trái Cây,39900.0,46900.0,7000.0,17.543859649122805,47900.0,41400.0,6500.0,15.70048309178744
2026-02-17,Sữa Tươi,35350.0,35100.0,-250.0,-0.7072135785007072,36050.0,36200.0,-150.0,-0.4143646408839779
2026-02-17,Thực Phẩm Chế Biến,34650.0,37850.0,3200.0,9.235209235209235,38900.0,34650.0,4250.0,12.265512265512266
2026-02-17,Thực Phẩm Khô,51300.0,46000.0,-5300.0,-10.33138401559454,50000.0,51300.0,-1300.0,-2.53411306042885
2026-02-17,Thực Phẩm Đông Lạnh,99300.0,74900.0,-24400.0,-24.57200402819738,78800.0,99300.0,-20500.0,-20.644511581067473
2026-02-17,Trứng - Đậu Hũ,16600.0,53000.0,36400.0,219.27710843373495,53000.0,16600.0,36400.0,219.27710843373495
2026-02-18,Bánh Kẹo,33800.0,34900.0,1100.0,3.2544378698224854,36250.0,33800.0,2450.0,7.2485207100591715
2026-02-18,Chăm Sóc Bé,60900.0,73700.0,12800.0,21.01806239737274,85400.0,129000.0,-43600.0,-33.798449612403104
2026-02-18,Gia Vị,78000.0,40200.0,-37800.0,-48.46153846153846,42200.0,78000.0,-35800.0,-45.8974358974359
2026-02-18,Mì - Thực Phẩm Ăn Liền,23350.0,30550.0,7200.0,30.83511777301927,33050.0,28950.0,4100.0,14.162348877374784
2026-02-18,Rau - Củ - Trái Cây,39900.0,47400.0,7500.0,18.796992481203006,50900.0,39900.0,11000.0,27.56892230576441
2026-02-18,Sữa Tươi,35350.0,34950.0,-400.0,-1.1315417256011315,35950.0,36200.0,-250.0,-0.6906077348066298
2026-02-18,Thực Phẩm Chế Biến,34650.0,37850.0,3200.0,9.235209235209235,38900.0,34650.0,4250.0,12.265512265512266
2026-02-18,Thực Phẩm Khô,53600.0,47600.0,-6000.0,-11.194029850746269,50500.0,53600.0,-3100.0,-5.7835820895522385
2026-02-18,Thực Phẩm Đông Lạnh,99300.0,74900.0,-24400.0,-24.57200402819738,78800.0,99300.0,-20500.0,-20.644511581067473
2026-02-18,Trứng - Đậu Hũ,16600.0,53000.0,36400.0,219.27710843373495,53000.0,16600.0,36400.0,219.27710843373495
2026-02-19,Bánh Kẹo,38500.0,59900.0,21400.0,55.58441558441558,60500.0,48000.0,12500.0,26.041666666666668
2026-02-19,Chăm Sóc Bé,60900.0,73700.0,12800.0,21.01806239737274,85400.0,129000.0,-43600.0,-33.798449612403104
2026-02-19,Mì - Thực Phẩm Ăn Liền,27200.0,28400.0,1200.0,4.411764705882353,33900.0,33900.0,0.0,0.0
2026-02-19,Rau - Củ - Trái Cây,39900.0,47400.0,7500.0,18.796992481203006,50900.0,39900.0,11000.0,27.56892230576441
2026-02-19,Sữa Tươi,32900.0,34600.0,1700.0,5.167173252279635,34900.0,32900.0,2000.0,6.079027355623101
2026-02-19,Thực Phẩm Chế Biến,34650.0,37850.0,3200.0,9.235209235209235,38900.0,34650.0,4250.0,12.265512265512266
2026-02-19,Thực Phẩm Khô,53600.0,47600.0,-6000.0,-11.194029850746269,50500.0,53600.0,-3100.0,-5.7835820895522385
2026-02-19,Thực Phẩm Đông Lạnh,94500.0,77250.0,-17250.0,-18.253968253968253,78900.0,94500.0,-15600.0,-16.507936507936506
2026-02-19,Trứng - Đậu Hũ,16600.0,53000.0,36400.0,219.27710843373495,53000.0,16600.0,36400.0,219.27710843373495
2026-02-20,Bánh Kẹo,32500.0,52500.0,20000.0,61.53846153846154,56500.0,32500.0,24000.0,73.84615384615385
2026-02-20,Chăm Sóc Bé,60900.0,73400.0,12500.0,20.525451559934318,81950.0,129000.0,-47050.0,-36.47286821705427
2026-02-20,Gia Vị,76500.0,40200.0,-36300.0,-47.45098039215686,43900.0,76500.0,-32600.0,-42.61437908496732
2026-02-20,Mì - Thực Phẩm Ăn Liền,27200.0,30950.0,3750.0,13.786764705882353,33050.0,33900.0,-850.0,-2.5073746312684366
2026-02-20,Rau - Củ - Trái Cây,14800.0,67050.0,52250.0,353.0405405405405,81950.0,18500.0,63450.0,342.97297297297297
2026-02-20,Sữa Tươi,35350.0,35100.0,-250.0,-0.7072135785007072,36050.0,36200.0,-150.0,-0.4143646408839779
2026-02-20,Thực Phẩm Chế Biến,143900.0,35500.0,-108400.0,-75.33009034051425,41500.0,160400.0,-118900.0,-74.12718204488779
2026-02-20,Thực Phẩm Khô,53600.0,47600.0,-6000.0,-11.194029850746269,50500.0,53600.0,-3100.0,-5.7835820895522385
2026-02-20,Thực Phẩm Đông Lạnh,77700.0,78800.0,1100.0,1.4157014157014158,80450.0,77700.0,2750.0,3.5392535392535396
2026-02-20,Trứng - Đậu Hũ,16600.0,53000.0,36400.0,219.27710843373495,53000.0,16600.0,36400.0,219.27710843373495
2026-02-21,Bánh Kẹo,33500.0,34250.0,750.0,2.2388059701492535,35850.0,33500.0,2350.0,7.014925373134329
2026-02-21,Chăm Sóc Bé,60900.0,73700.0,12800.0,21.01806239737274,85400.0,129000.0,-43600.0,-33.798449612403104
2026-02-21,Gia Vị,76500.0,40200.0,-36300.0,-47.45098039215686,42800.0,76500.0,-33700.0,-44.052287581699346
2026-02-21,Mì - Thực Phẩm Ăn Liền,27200.0,31500.0,4300.0,15.808823529411764,33200.0,33900.0,-700.0,-2.0648967551622417
2026-02-21,Rau - Củ - Trái Cây,18210.0,42900.0,24690.0,135.5848434925865,46900.0,19900.0,27000.0,135.678391959799
2026-02-21,Sữa Tươi,34500.0,35100.0,600.0,1.7391304347826086,36100.0,36200.0,-100.0,-0.2762430939226519
2026-02-21,Thực Phẩm Chế Biến,35000.0,35500.0,500.0,1.4285714285714286,38800.0,35000.0,3800.0,10.857142857142858
2026-02-21,Thực Phẩm Khô,53600.0,47600.0,-6000.0,-11.194029850746269,50500.0,53600.0,-3100.0,-5.7835820895522385
2026-02-21,Thực Phẩm Đông Lạnh,69400.0,75700.0,6300.0,9.077809798270893,78800.0,72650.0,6150.0,8.465244322092223
2026-02-21,Trứng - Đậu Hũ,16600.0,53000.0,36400.0,219.27710843373495,53000.0,16600.0,36400.0,219.27710843373495
2026-02-22,Bánh Kẹo,33500.0,34000.0,500.0,1.4925373134328357,35500.0,33500.0,2000.0,5.970149253731343
2026-02-22,Chăm Sóc Bé,60900.0,73400.0,12500.0,20.525451559934318,81950.0,129000.0,-47050.0,-36.47286821705427
2026-02-22,Mì - Thực Phẩm Ăn Liền,27200.0,28400.0,1200.0,4.411764705882353,33900.0,33900.0,0.0,0.0
2026-02-22,Rau - Củ - Trái Cây,35110.0,42900.0,7790.0,22.187410994018798,43400.0,37900.0,5500.0,14.511873350923482
2026-02-22,Sữa Tươi,34500.0,31600.0,-2900.0,-8.405797101449275,34200.0,39000.0,-4800.0,-12.307692307692308
2026-02-22,Thực Phẩm Chế Biến,35000.0,35500.0,500.0,1.4285714285714286,38900.0,35000.0,3900.0,11.142857142857142
2026-02-22,Thực Phẩm Khô,53600.0,47600.0,-6000.0,-11.194029850746269,50500.0,53600.0,-3100.0,-5.7835820895522385
2026-02-22,Thực Phẩm Đông Lạnh,84250.0,78900.0,-5350.0,-6.350148367952523,79700.0,84250.0,-4550.0,-5.4005934718100885
2026-02-22,Trứng - Đậu Hũ,16600.0,52700.0,36100.0,217.46987951807228,52700.0,16600.0,36100.0,217.46987951807228
2026-02-23,Bánh Kẹo,33125.0,34250.0,1125.0,3.3962264150943398,35850.0,33125.0,2725.0,8.226415094339623
2026-02-23,Chăm Sóc Bé,60900.0,73100.0,12200.0,20.032840722495894,78500.0,129000.0,-50500.0,-39.14728682170542
2026-02-23,Gia Vị,75000.0,40200.0,-34800.0,-46.400000000000006,42800.0,75000.0,-32200.0,-42.93333333333334
2026-02-23,Mì - Thực Phẩm Ăn Liền,19000.0,31500.0,12500.0,65.78947368421053,33200.0,21250.0,11950.0,56.23529411764706
2026-02-23,Rau - Củ - Trái Cây,39900.0,46900.0,7000.0,17.543859649122805,47900.0,41400.0,6500.0,15.70048309178744
2026-02-23,Sữa Tươi,48150.0,37150.0,-11000.0,-22.84527518172378,42900.0,55950.0,-13050.0,-23.324396782841823
2026-02-23,Thực Phẩm Chế Biến,35000.0,35500.0,500.0,1.4285714285714286,38900.0,35000.0,3900.0,11.142857142857142
2026-02-23,Thực Phẩm Khô,41900.0,38400.0,-3500.0,-8.353221957040573,38400.0,43500.0,-5100.0,-11.724137931034482
2026-02-23,Thực Phẩm Đông Lạnh,84250.0,77000.0,-7250.0,-8.605341246290802,78800.0,84250.0,-5450.0,-6.468842729970327
2026-02-23,Trứng - Đậu Hũ,16600.0,53250.0,36650.0,220.78313253012047,53250.0,16600.0,36650.0,220.78313253012047
2026-02-24,Bánh Kẹo,34500.0,52500.0,18000.0,52.17391304347826,60200.0,42950.0,17250.0,40.162980209545985
2026-02-24,Chăm Sóc Bé,60900.0,73100.0,12200.0,20.032840722495894,78500.0,129000.0,-50500.0,-39.14728682170542
2026-02-24,Mì - Thực Phẩm Ăn Liền,18500.0,29400.0,10900.0,58.91891891891892,33200.0,18500.0,14700.0,79.45945945945945
2026-02-24,Rau - Củ - Trái Cây,16160.0,67050.0,50890.0,314.91336633663366,81950.0,19200.0,62750.0,326.82291666666663
2026-02-24,Sữa Tươi,34500.0,34500.0,0.0,0.0,36500.0,36200.0,300.0,0.8287292817679558
2026-02-24,Thực Phẩm Chế Biến,35000.0,33000.0,-2000.0,-5.714285714285714,35500.0,35000.0,500.0,1.4285714285714286
2026-02-24,Thực Phẩm Khô,44250.0,42950.0,-1300.0,-2.937853107344633,43150.0,44250.0,-1100.0,-2.4858757062146895
2026-02-24,Thực Phẩm Đông Lạnh,74000.0,74500.0,500.0,0.6756756756756757,77500.0,74000.0,3500.0,4.72972972972973
2026-02-24,Trứng - Đậu Hũ,16600.0,51900.0,35300.0,212.65060240963854,51900.0,16600.0,35300.0,212.65060240963854
2026-02-25,Bánh Kẹo,32450.0,36300.0,3850.0,11.864406779661017,36300.0,32550.0,3750.0,11.52073732718894
2026-02-25,Chăm Sóc Bé,60900.0,73100.0,12200.0,20.032840722495894,78500.0,129000.0,-50500.0,-39.14728682170542
2026-02-25,Gia Vị,54900.0,43250.0,-11650.0,-21.22040072859745,47300.0,54900.0,-7600.0,-13.843351548269581
2026-02-25,Mì - Thực Phẩm Ăn Liền,18500.0,29400.0,10900.0,58.91891891891892,32300.0,18500.0,13800.0,74.5945945945946
2026-02-25,Rau - Củ - Trái Cây,39900.0,47900.0,8000.0,20.050125313283207,47900.0,39900.0,8000.0,20.050125313283207
2026-02-25,Sữa Tươi,37600.0,36300.0,-1300.0,-3.4574468085106385,37800.0,37600.0,200.0,0.5319148936170213
2026-02-25,Thực Phẩm Chế Biến,39500.0,36600.0,-2900.0,-7.341772151898734,39000.0,39500.0,-500.0,-1.2658227848101267
2026-02-25,Thực Phẩm Khô,51300.0,45700.0,-5600.0,-10.916179337231968,50500.0,51300.0,-800.0,-1.5594541910331383
2026-02-25,Thực Phẩm Đông Lạnh,74000.0,77500.0,3500.0,4.72972972972973,78800.0,74000.0,4800.0,6.486486486486487
2026-02-25,Trứng - Đậu Hũ,16600.0,51900.0,35300.0,212.65060240963854,51900.0,16600.0,35300.0,212.65060240963854
2026-02-26,Bánh Kẹo,32725.0,35250.0,2525.0,7.715813598166539,35250.0,32725.0,2525.0,7.715813598166539
2026-02-26,Chăm Sóc Bé,60900.0,70500.0,9600.0,15.763546798029557,76100.0,129000.0,-52900.0,-41.007751937984494
2026-02-26,Gia Vị,69000.0,42200.0,-26800.0,-38.84057971014493,42800.0,69000.0,-26200.0,-37.971014492753625
2026-02-26,Mì - Thực Phẩm Ăn Liền,27200.0,23150.0,-4050.0,-14.88970588235294,27750.0,33900.0,-6150.0,-18.141592920353983
2026-02-26,Rau - Củ - Trái Cây,39900.0,47900.0,8000.0,20.050125313283207,47900.0,39900.0,8000.0,20.050125313283207
2026-02-26,Sữa Tươi,37600.0,36300.0,-1300.0,-3.4574468085106385,37800.0,37600.0,200.0,0.5319148936170213
2026-02-26,Thực Phẩm Chế Biến,39450.0,33700.0,-5750.0,-14.575411913814957,38800.0,39450.0,-650.0,-1.6476552598225602
2026-02-26,Thực Phẩm Khô,51300.0,45700.0,-5600.0,-10.916179337231968,50500.0,51300.0,-800.0,-1.5594541910331383
2026-02-26,Thực Phẩm Đông Lạnh,74000.0,77250.0,3250.0,4.391891891891892,78150.0,74000.0,4150.0,5.608108108108109
2026-02-26,Trứng - Đậu Hũ,16600.0,51900.0,35300.0,212.65060240963854,51900.0,16600.0,35300.0,212.65060240963854
2026-02-27,Bánh Kẹo,32725.0,35650.0,2925.0,8.938120702826586,35650.0,32725.0,2925.0,8.938120702826586
2026-02-27,Chăm Sóc Bé,60900.0,67000.0,6100.0,10.016420361247947,67000.0,129000.0,-62000.0,-48.06201550387597
2026-02-27,Gia Vị,69000.0,41600.0,-27400.0,-39.710144927536234,42200.0,69000.0,-26800.0,-38.84057971014493
2026-02-27,Mì - Thực Phẩm Ăn Liền,18500.0,29400.0,10900.0,58.91891891891892,32600.0,18500.0,14100.0,76.21621621621621
2026-02-27,Rau - Củ - Trái Cây,39110.0,46900.0,7790.0,19.918179493735618,46900.0,39900.0,7000.0,17.543859649122805
2026-02-27,Sữa Tươi,36200.0,36500.0,300.0,0.8287292817679558,37800.0,36200.0,1600.0,4.41988950276243
2026-02-27,Thực Phẩm Chế Biến,34900.0,38600.0,3700.0,10.601719197707736,39000.0,34900.0,4100.0,11.74785100286533
2026-02-27,Thực Phẩm Khô,51300.0,45700.0,-5600.0,-10.916179337231968,50500.0,51300.0,-800.0,-1.5594541910331383
2026-02-27,Thực Phẩm Đông Lạnh,72650.0,75700.0,3050.0,4.198210598761184,76900.0,73000.0,3900.0,5.342465753424658
2026-02-27,Trứng - Đậu Hũ,16600.0,51900.0,35300.0,212.65060240963854,51900.0,16600.0,35300.0,212.65060240963854
2026-02-28,Bánh Kẹo,32725.0,35250.0,2525.0,7.715813598166539,35250.0,32725.0,2525.0,7.715813598166539
2026-02-28,Chăm Sóc Bé,60900.0,67000.0,6100.0,10.016420361247947,67000.0,129000.0,-62000.0,-48.06201550387597
2026-02-28,Gia Vị,69000.0,41600.0,-27400.0,-39.710144927536234,42200.0,69000.0,-26800.0,-38.84057971014493
2026-02-28,Mì - Thực Phẩm Ăn Liền,18500.0,29400.0,10900.0,58.91891891891892,32600.0,18500.0,14100.0,76.21621621621621
2026-02-28,Rau - Củ - Trái Cây,39900.0,46900.0,7000.0,17.543859649122805,46900.0,39900.0,7000.0,17.543859649122805
2026-02-28,Sữa Tươi,51450.0,31850.0,-19600.0,-38.095238095238095,38300.0,61200.0,-22900.0,-37.41830065359477
2026-02-28,Thực Phẩm Chế Biến,44500.0,33700.0,-10800.0,-24.269662921348313,37600.0,44500.0,-6900.0,-15.505617977528091
2026-02-28,Thực Phẩm Khô,51300.0,45700.0,-5600.0,-10.916179337231968,50500.0,51300.0,-800.0,-1.5594541910331383
2026-02-28,Thực Phẩm Đông Lạnh,72650.0,76300.0,3650.0,5.024088093599449,76950.0,73000.0,3950.0,5.410958904109589
2026-02-28,Trứng - Đậu Hũ,16600.0,51900.0,35300.0,212.65060240963854,51900.0,16600.0,35300.0,212.65060240963854
2026-03-01,Bánh Kẹo,33025.0,35000.0,1975.0,5.980317940953823,35000.0,33025.0,1975.0,5.980317940953823
2026-03-01,Chăm Sóc Bé,60900.0,57000.0,-3900.0,-6.403940886699508,59500.0,129000.0,-69500.0,-53.875968992248055
2026-03-01,Gia Vị,72000.0,40750.0,-31250.0,-43.40277777777778,42200.0,72000.0,-29800.0,-41.388888888888886
2026-03-01,Mì - Thực Phẩm Ăn Liền,18500.0,30950.0,12450.0,67.29729729729729,33200.0,18500.0,14700.0,79.45945945945945
2026-03-01,Rau - Củ - Trái Cây,38320.0,46900.0,8580.0,22.390396659707722,46900.0,39900.0,7000.0,17.543859649122805
2026-03-01,Sữa Tươi,36200.0,36500.0,300.0,0.8287292817679558,37800.0,36200.0,1600.0,4.41988950276243
2026-03-01,Thực Phẩm Chế Biến,34950.0,38600.0,3650.0,10.44349070100143,41500.0,34950.0,6550.0,18.741058655221746
2026-03-01,Thực Phẩm Khô,51300.0,46000.0,-5300.0,-10.33138401559454,51000.0,51300.0,-300.0,-0.5847953216374269
2026-03-01,Thực Phẩm Đông Lạnh,74000.0,76300.0,2300.0,3.1081081081081083,76950.0,74000.0,2950.0,3.986486486486487
2026-03-01,Trứng - Đậu Hũ,16600.0,51900.0,35300.0,212.65060240963854,51900.0,16600.0,35300.0,212.65060240963854
2026-03-02,Bánh Kẹo,26500.0,46500.0,20000.0,75.47169811320755,51000.0,28400.0,22600.0,79.5774647887324
2026-03-02,Chăm Sóc Bé,60900.0,55500.0,-5400.0,-8.866995073891626,56700.0,129000.0,-72300.0,-56.04651162790698
2026-03-02,Gia Vị,65100.0,40750.0,-24350.0,-37.40399385560676,42200.0,65100.0,-22900.0,-35.17665130568356
2026-03-02,Mì - Thực Phẩm Ăn Liền,27200.0,22950.0,-4250.0,-15.625,25600.0,35600.0,-10000.0,-28.08988764044944
2026-03-02,Rau - Củ - Trái Cây,35450.0,43400.0,7950.0,22.425952045133993,43400.0,35450.0,7950.0,22.425952045133993
2026-03-02,Sữa Tươi,36200.0,34900.0,-1300.0,-3.591160220994475,36100.0,36200.0,-100.0,-0.2762430939226519
2026-03-02,Thực Phẩm Chế Biến,34950.0,37600.0,2650.0,7.582260371959943,38800.0,34950.0,3850.0,11.015736766809727
2026-03-02,Thực Phẩm Khô,51550.0,48500.0,-3050.0,-5.916585838991271,51000.0,51550.0,-550.0,-1.066925315227934
2026-03-02,Thực Phẩm Đông Lạnh,74000.0,76300.0,2300.0,3.1081081081081083,76950.0,74000.0,2950.0,3.986486486486487
2026-03-02,Trứng - Đậu Hũ,16600.0,51900.0,35300.0,212.65060240963854,51900.0,16600.0,35300.0,212.65060240963854
2026-03-03,Bánh Kẹo,29900.0,36800.0,6900.0,23.076923076923077,36800.0,30750.0,6050.0,19.67479674796748
2026-03-03,Chăm Sóc Bé,60900.0,62000.0,1100.0,1.8062397372742198,62250.0,129000.0,-66750.0,-51.74418604651163
2026-03-03,Gia Vị,65100.0,41600.0,-23500.0,-36.098310291858674,42800.0,65100.0,-22300.0,-34.254992319508446
2026-03-03,Mì - Thực Phẩm Ăn Liền,27200.0,20700.0,-6500.0,-23.897058823529413,25600.0,35600.0,-10000.0,-28.08988764044944
2026-03-03,Rau - Củ - Trái Cây,39110.0,46900.0,7790.0,19.918179493735618,46900.0,39900.0,7000.0,17.543859649122805
2026-03-03,Sữa Tươi,51450.0,31850.0,-19600.0,-38.095238095238095,37900.0,61200.0,-23300.0,-38.0718954248366
2026-03-03,Thực Phẩm Chế Biến,34950.0,35250.0,300.0,0.8583690987124464,38800.0,34950.0,3850.0,11.015736766809727
2026-03-03,Thực Phẩm Khô,51550.0,48500.0,-3050.0,-5.916585838991271,51000.0,51550.0,-550.0,-1.066925315227934
2026-03-03,Thực Phẩm Đông Lạnh,111400.0,89000.0,-22400.0,-20.107719928186714,89000.0,126000.0,-37000.0,-29.365079365079367
2026-03-03,Trứng - Đậu Hũ,16600.0,52350.0,35750.0,215.36144578313255,52350.0,16600.0,35750.0,215.36144578313255
2026-03-04,Bánh Kẹo,32900.0,34000.0,1100.0,3.343465045592705,35000.0,32900.0,2100.0,6.382978723404255
2026-03-04,Chăm Sóc Bé,60900.0,67000.0,6100.0,10.016420361247947,67000.0,129000.0,-62000.0,-48.06201550387597
2026-03-04,Gia Vị,65100.0,39000.0,-26100.0,-40.09216589861751,41600.0,65100.0,-23500.0,-36.098310291858674
2026-03-04,Mì - Thực Phẩm Ăn Liền,25600.0,29400.0,3800.0,14.84375,32600.0,29800.0,2800.0,9.395973154362416
2026-03-04,Rau - Củ - Trái Cây,39900.0,46900.0,7000.0,17.543859649122805,46900.0,39900.0,7000.0,17.543859649122805
2026-03-04,Sữa Tươi,38650.0,35400.0,-3250.0,-8.408796895213454,37500.0,42850.0,-5350.0,-12.485414235705951
2026-03-04,Thực Phẩm Chế Biến,34900.0,33000.0,-1900.0,-5.444126074498568,37800.0,34900.0,2900.0,8.30945558739255
2026-03-04,Thực Phẩm Khô,49000.0,48500.0,-500.0,-1.0204081632653061,51000.0,49000.0,2000.0,4.081632653061225
2026-03-04,Thực Phẩm Đông Lạnh,74000.0,74250.0,250.0,0.33783783783783783,74700.0,74000.0,700.0,0.945945945945946
2026-03-04,Trứng - Đậu Hũ,16600.0,51900.0,35300.0,212.65060240963854,51900.0,16600.0,35300.0,212.65060240963854
2026-03-05,Bánh Kẹo,32850.0,34250.0,1400.0,4.26179604261796,35000.0,32850.0,2150.0,6.54490106544901
2026-03-05,Chăm Sóc Bé,60900.0,76800.0,15900.0,26.108374384236456,82350.0,129000.0,-46650.0,-36.16279069767442
2026-03-05,Gia Vị,72000.0,43700.0,-28300.0,-39.30555555555556,46100.0,72000.0,-25900.0,-35.97222222222222
2026-03-05,Mì - Thực Phẩm Ăn Liền,9300.0,28000.0,18700.0,201.0752688172043,29900.0,10900.0,19000.0,174.3119266055046
2026-03-05,Rau - Củ - Trái Cây,35000.0,39900.0,4900.0,14.000000000000002,39900.0,35000.0,4900.0,14.000000000000002
2026-03-05,Sữa Tươi,23700.0,29900.0,6200.0,26.160337552742618,33900.0,28000.0,5900.0,21.071428571428573
2026-03-05,Thực Phẩm Chế Biến,19200.0,52000.0,32800.0,170.83333333333331,54000.0,26800.0,27200.0,101.49253731343283
2026-03-05,Thực Phẩm Khô,39700.0,36450.0,-3250.0,-8.18639798488665,38200.0,41200.0,-3000.0,-7.281553398058252
2026-03-05,Thực Phẩm Đông Lạnh,126000.0,78800.0,-47200.0,-37.46031746031746,78800.0,126000.0,-47200.0,-37.46031746031746
2026-03-05,Trứng - Đậu Hũ,16600.0,51900.0,35300.0,212.65060240963854,51900.0,16600.0,35300.0,212.65060240963854
2026-03-06,Bánh Kẹo,26700.0,34800.0,8100.0,30.337078651685395,40800.0,27100.0,13700.0,50.55350553505535
2026-03-06,Chăm Sóc Bé,60900.0,76800.0,15900.0,26.108374384236456,82350.0,129000.0,-46650.0,-36.16279069767442
2026-03-06,Mì - Thực Phẩm Ăn Liền,24000.0,29600.0,5600.0,23.333333333333332,32900.0,24000.0,8900.0,37.083333333333336
2026-03-06,Rau - Củ - Trái Cây,38900.0,46900.0,8000.0,20.565552699228792,46900.0,39900.0,7000.0,17.543859649122805
2026-03-06,Sữa Tươi,46900.0,36500.0,-10400.0,-22.174840085287848,37800.0,53500.0,-15700.0,-29.345794392523366
2026-03-06,Thực Phẩm Chế Biến,19200.0,52000.0,32800.0,170.83333333333331,54000.0,26800.0,27200.0,101.49253731343283
2026-03-06,Thực Phẩm Khô,52600.0,48500.0,-4100.0,-7.79467680608365,50000.0,52600.0,-2600.0,-4.942965779467681
2026-03-06,Thực Phẩm Đông Lạnh,104100.0,75300.0,-28800.0,-27.6657060518732,75300.0,104100.0,-28800.0,-27.6657060518732
2026-03-06,Trứng - Đậu Hũ,16600.0,52450.0,35850.0,215.96385542168676,52450.0,16600.0,35850.0,215.96385542168676
2026-03-07,Bánh Kẹo,32550.0,34500.0,1950.0,5.990783410138248,35000.0,32550.0,2450.0,7.526881720430108
2026-03-07,Chăm Sóc Bé,60900.0,79900.0,19000.0,31.198686371100166,86200.0,129000.0,-42800.0,-33.17829457364341
2026-03-07,Gia Vị,69000.0,40400.0,-28600.0,-41.449275362318836,45000.0,69000.0,-24000.0,-34.78260869565217
2026-03-07,Mì - Thực Phẩm Ăn Liền,9200.0,25750.0,16550.0,179.8913043478261,28950.0,10900.0,18050.0,165.59633027522935
2026-03-07,Rau - Củ - Trái Cây,39900.0,46900.0,7000.0,17.543859649122805,46900.0,39900.0,7000.0,17.543859649122805
2026-03-07,Sữa Tươi,23700.0,29900.0,6200.0,26.160337552742618,33900.0,28000.0,5900.0,21.071428571428573
2026-03-07,Thực Phẩm Chế Biến,34900.0,36600.0,1700.0,4.871060171919771,38800.0,34900.0,3900.0,11.174785100286533
2026-03-07,Thực Phẩm Khô,52600.0,48500.0,-4100.0,-7.79467680608365,50000.0,52600.0,-2600.0,-4.942965779467681
2026-03-07,Thực Phẩm Đông Lạnh,93950.0,93500.0,-450.0,-0.4789781798829164,102100.0,99000.0,3100.0,3.1313131313131315
2026-03-07,Trứng - Đậu Hũ,16600.0,51900.0,35300.0,212.65060240963854,51900.0,16600.0,35300.0,212.65060240963854
2026-03-08,Bánh Kẹo,25200.0,33000.0,7800.0,30.952380952380953,40800.0,25600.0,15200.0,59.375
2026-03-08,Chăm Sóc Bé,60900.0,79900.0,19000.0,31.198686371100166,86200.0,129000.0,-42800.0,-33.17829457364341
2026-03-08,Mì - Thực Phẩm Ăn Liền,9200.0,27600.0,18400.0,200.0,29950.0,10900.0,19050.0,174.77064220183487
2026-03-08,Rau - Củ - Trái Cây,19600.0,34900.0,15300.0,78.06122448979592,34900.0,19900.0,15000.0,75.37688442211056
2026-03-08,Sữa Tươi,26100.0,31800.0,5700.0,21.839080459770116,36900.0,30750.0,6150.0,20.0
2026-03-08,Thực Phẩm Chế Biến,19200.0,60750.0,41550.0,216.40625,63350.0,26800.0,36550.0,136.38059701492537
2026-03-08,Thực Phẩm Khô,43500.0,43500.0,0.0,0.0,45100.0,43500.0,1600.0,3.67816091954023
2026-03-08,Thực Phẩm Đông Lạnh,99300.0,74900.0,-24400.0,-24.57200402819738,74900.0,99300.0,-24400.0,-24.57200402819738
2026-03-08,Trứng - Đậu Hũ,11000.0,51900.0,40900.0,371.8181818181818,51900.0,11000.0,40900.0,371.8181818181818
2026-03-09,Bánh Kẹo,23000.0,25000.0,2000.0,8.695652173913043,33000.0,27300.0,5700.0,20.87912087912088
2026-03-09,Chăm Sóc Bé,60900.0,76800.0,15900.0,26.108374384236456,82350.0,129000.0,-46650.0,-36.16279069767442
2026-03-09,Gia Vị,69000.0,43300.0,-25700.0,-37.2463768115942,46000.0,69000.0,-23000.0,-33.33333333333333
2026-03-09,Mì - Thực Phẩm Ăn Liền,24000.0,30700.0,6700.0,27.916666666666668,32600.0,24000.0,8600.0,35.833333333333336
2026-03-09,Rau - Củ - Trái Cây,38110.0,43400.0,5290.0,13.88087116242456,43400.0,39900.0,3500.0,8.771929824561402
2026-03-09,Sữa Tươi,44000.0,36000.0,-8000.0,-18.181818181818183,37050.0,51500.0,-14450.0,-28.058252427184467
2026-03-09,Thực Phẩm Chế Biến,29700.0,39000.0,9300.0,31.313131313131315,41500.0,34100.0,7400.0,21.700879765395893
2026-03-09,Thực Phẩm Khô,39700.0,38500.0,-1200.0,-3.022670025188917,41300.0,41200.0,100.0,0.24271844660194172
2026-03-09,Thực Phẩm Đông Lạnh,104100.0,74900.0,-29200.0,-28.049951969260327,74900.0,104100.0,-29200.0,-28.049951969260327
2026-03-09,Trứng - Đậu Hũ,22200.0,45950.0,23750.0,106.98198198198199,45950.0,22200.0,23750.0,106.98198198198199
2026-03-10,Bánh Kẹo,32600.0,34000.0,1400.0,4.294478527607362,35000.0,32600.0,2400.0,7.361963190184049
2026-03-10,Chăm Sóc Bé,60900.0,70800.0,9900.0,16.25615763546798,76100.0,129000.0,-52900.0,-41.007751937984494
2026-03-10,Gia Vị,69000.0,42700.0,-26300.0,-38.11594202898551,45500.0,69000.0,-23500.0,-34.05797101449276
2026-03-10,Mì - Thực Phẩm Ăn Liền,29800.0,29600.0,-200.0,-0.6711409395973155,31500.0,29800.0,1700.0,5.704697986577181
2026-03-10,Rau - Củ - Trái Cây,39900.0,39900.0,0.0,0.0,39900.0,39900.0,0.0,0.0
2026-03-10,Sữa Tươi,36200.0,32200.0,-4000.0,-11.049723756906078,34900.0,36200.0,-1300.0,-3.591160220994475
2026-03-10,Thực Phẩm Chế Biến,19200.0,60750.0,41550.0,216.40625,63350.0,26800.0,36550.0,136.38059701492537
2026-03-10,Thực Phẩm Khô,53600.0,46000.0,-7600.0,-14.17910447761194,50000.0,53600.0,-3600.0,-6.7164179104477615
2026-03-10,Thực Phẩm Đông Lạnh,104100.0,79900.0,-24200.0,-23.246878001921228,80400.0,104100.0,-23700.0,-22.76657060518732
2026-03-10,Trứng - Đậu Hũ,22200.0,52450.0,30250.0,136.26126126126127,52450.0,22200.0,30250.0,136.26126126126127
2026-03-11,Bánh Kẹo,39500.0,25000.0,-14500.0,-36.708860759493675,35000.0,48500.0,-13500.0,-27.835051546391753
2026-03-11,Chăm Sóc Bé,60900.0,67900.0,7000.0,11.494252873563218,73700.0,129000.0,-55300.0,-42.86821705426356
2026-03-11,Gia Vị,69000.0,42700.0,-26300.0,-38.11594202898551,45500.0,69000.0,-23500.0,-34.05797101449276
2026-03-11,Mì - Thực Phẩm Ăn Liền,24000.0,30400.0,6400.0,26.666666666666668,32300.0,24000.0,8300.0,34.583333333333336
2026-03-11,Rau - Củ - Trái Cây,39900.0,46900.0,7000.0,17.543859649122805,46900.0,41400.0,5500.0,13.285024154589372
2026-03-11,Sữa Tươi,44000.0,36300.0,-7700.0,-17.5,37200.0,51500.0,-14300.0,-27.766990291262132
2026-03-11,Thực Phẩm Chế Biến,19200.0,58850.0,39650.0,206.51041666666666,65050.0,26800.0,38250.0,142.72388059701493
2026-03-11,Thực Phẩm Khô,52600.0,45700.0,-6900.0,-13.11787072243346,49250.0,52600.0,-3350.0,-6.3688212927756656
2026-03-11,Thực Phẩm Đông Lạnh,104100.0,76300.0,-27800.0,-26.70509125840538,76300.0,104100.0,-27800.0,-26.70509125840538
2026-03-11,Trứng - Đậu Hũ,22200.0,52450.0,30250.0,136.26126126126127,52450.0,22200.0,30250.0,136.26126126126127
2026-03-12,Bánh Kẹo,31250.0,32500.0,1250.0,4.0,40800.0,37900.0,2900.0,7.651715039577836
2026-03-12,Chăm Sóc Bé,60900.0,73700.0,12800.0,21.01806239737274,78500.0,129000.0,-50500.0,-39.14728682170542
2026-03-12,Mì - Thực Phẩm Ăn Liền,11900.0,29400.0,17500.0,147.05882352941177,30750.0,11900.0,18850.0,158.4033613445378
2026-03-12,Rau - Củ - Trái Cây,41400.0,37400.0,-4000.0,-9.66183574879227,37400.0,41400.0,-4000.0,-9.66183574879227
2026-03-12,Sữa Tươi,34800.0,29400.0,-5400.0,-15.517241379310345,34900.0,41500.0,-6600.0,-15.903614457831324
2026-03-12,Thực Phẩm Chế Biến,40400.0,48000.0,7600.0,18.81188118811881,48900.0,40400.0,8500.0,21.03960396039604
2026-03-12,Thực Phẩm Khô,44250.0,45700.0,1450.0,3.2768361581920904,49250.0,44250.0,5000.0,11.299435028248588
2026-03-12,Thực Phẩm Đông Lạnh,99300.0,80500.0,-18800.0,-18.932527693856997,80600.0,99300.0,-18700.0,-18.831822759315205
2026-03-12,Trứng - Đậu Hũ,22200.0,50000.0,27800.0,125.22522522522523,50000.0,22200.0,27800.0,125.22522522522523
2026-03-13,Bánh Kẹo,27450.0,34700.0,7250.0,26.41165755919854,40800.0,27650.0,13150.0,47.55877034358047
2026-03-13,Chăm Sóc Bé,60900.0,73700.0,12800.0,21.01806239737274,78500.0,129000.0,-50500.0,-39.14728682170542
2026-03-13,Gia Vị,75000.0,42700.0,-32300.0,-43.06666666666666,45500.0,75000.0,-29500.0,-39.33333333333333
2026-03-13,Mì - Thực Phẩm Ăn Liền,18800.0,30700.0,11900.0,63.297872340425535,32600.0,20400.0,12200.0,59.80392156862745
2026-03-13,Rau - Củ - Trái Cây,39900.0,46900.0,7000.0,17.543859649122805,46900.0,39900.0,7000.0,17.543859649122805
2026-03-13,Sữa Tươi,34800.0,31050.0,-3750.0,-10.775862068965516,36050.0,41500.0,-5450.0,-13.132530120481928
2026-03-13,Thực Phẩm Chế Biến,19200.0,48550.0,29350.0,152.86458333333331,49250.0,26800.0,22450.0,83.76865671641791
2026-03-13,Thực Phẩm Khô,52600.0,48500.0,-4100.0,-7.79467680608365,50500.0,52600.0,-2100.0,-3.9923954372623576
2026-03-13,Thực Phẩm Đông Lạnh,94500.0,78800.0,-15700.0,-16.613756613756614,78800.0,94500.0,-15700.0,-16.613756613756614
2026-03-13,Trứng - Đậu Hũ,22200.0,31250.0,9050.0,40.765765765765764,31250.0,22200.0,9050.0,40.765765765765764
2026-03-14,Bánh Kẹo,32725.0,34000.0,1275.0,3.896103896103896,35000.0,32725.0,2275.0,6.951871657754011
2026-03-14,Chăm Sóc Bé,60900.0,73700.0,12800.0,21.01806239737274,78500.0,129000.0,-50500.0,-39.14728682170542
2026-03-14,Gia Vị,75000.0,43700.0,-31300.0,-41.733333333333334,46100.0,75000.0,-28900.0,-38.53333333333334
2026-03-14,Mì - Thực Phẩm Ăn Liền,9100.0,18800.0,9700.0,106.5934065934066,21400.0,10900.0,10500.0,96.3302752293578
2026-03-14,Rau - Củ - Trái Cây,39900.0,43400.0,3500.0,8.771929824561402,43400.0,41400.0,2000.0,4.830917874396135
2026-03-14,Sữa Tươi,36200.0,33400.0,-2800.0,-7.734806629834254,35600.0,36200.0,-600.0,-1.6574585635359116
2026-03-14,Thực Phẩm Chế Biến,97650.0,48000.0,-49650.0,-50.84485407066052,48900.0,97650.0,-48750.0,-49.92319508448541
2026-03-14,Thực Phẩm Khô,52600.0,45400.0,-7200.0,-13.688212927756654,48500.0,52600.0,-4100.0,-7.79467680608365
2026-03-14,Thực Phẩm Đông Lạnh,86000.0,76300.0,-9700.0,-11.27906976744186,76300.0,86000.0,-9700.0,-11.27906976744186
2026-03-14,Trứng - Đậu Hũ,22200.0,40000.0,17800.0,80.18018018018019,40000.0,22200.0,17800.0,80.18018018018019
2026-03-15,Bánh Kẹo,21250.0,32500.0,11250.0,52.94117647058824,37900.0,25550.0,12350.0,48.336594911937375
2026-03-15,Chăm Sóc Bé,286950.0,73700.0,-213250.0,-74.31608294127898,78500.0,321950.0,-243450.0,-75.61733188383289
2026-03-15,Gia Vị,90500.0,46100.0,-44400.0,-49.06077348066298,50400.0,95050.0,-44650.0,-46.975276170436615
2026-03-15,Mì - Thực Phẩm Ăn Liền,9100.0,19900.0,10800.0,118.68131868131869,25200.0,10900.0,14300.0,131.1926605504587
2026-03-15,Rau - Củ - Trái Cây,42900.0,47400.0,4500.0,10.48951048951049,47400.0,45000.0,2400.0,5.333333333333334
2026-03-15,Sữa Tươi,23650.0,30150.0,6500.0,27.48414376321353,33900.0,27100.0,6800.0,25.092250922509223
2026-03-15,Thực Phẩm Chế Biến,31200.0,48000.0,16800.0,53.84615384615385,48900.0,34500.0,14400.0,41.73913043478261
2026-03-15,Thực Phẩm Khô,45000.0,45400.0,400.0,0.8888888888888888,48500.0,45000.0,3500.0,7.777777777777778
2026-03-15,Thực Phẩm Đông Lạnh,94500.0,76900.0,-17600.0,-18.624338624338623,76900.0,94500.0,-17600.0,-18.624338624338623
2026-03-15,Trứng - Đậu Hũ,22200.0,46500.0,24300.0,109.45945945945945,46500.0,22200.0,24300.0,109.45945945945945
2026-03-16,Bánh Kẹo,19500.0,32500.0,13000.0,66.66666666666666,35000.0,23800.0,11200.0,47.05882352941176
2026-03-16,Chăm Sóc Bé,286950.0,76800.0,-210150.0,-73.23575535807632,82350.0,321950.0,-239600.0,-74.42149402081068
2026-03-16,Gia Vị,115100.0,39900.0,-75200.0,-65.33449174630755,45000.0,118000.0,-73000.0,-61.86440677966102
2026-03-16,Mì - Thực Phẩm Ăn Liền,21400.0,29500.0,8100.0,37.850467289719624,31250.0,22200.0,9050.0,40.765765765765764
2026-03-16,Rau - Củ - Trái Cây,41400.0,47900.0,6500.0,15.70048309178744,47900.0,43950.0,3950.0,8.987485779294653
2026-03-16,Sữa Tươi,23650.0,29900.0,6250.0,26.42706131078224,33900.0,27100.0,6800.0,25.092250922509223
2026-03-16,Thực Phẩm Chế Biến,34900.0,38600.0,3700.0,10.601719197707736,41500.0,34900.0,6600.0,18.911174785100286
2026-03-16,Thực Phẩm Khô,53600.0,48500.0,-5100.0,-9.514925373134329,50000.0,53600.0,-3600.0,-6.7164179104477615
2026-03-16,Thực Phẩm Đông Lạnh,115050.0,80150.0,-34900.0,-30.33463711429813,80450.0,115050.0,-34600.0,-30.073880921338546
2026-03-16,Trứng - Đậu Hũ,22200.0,53000.0,30800.0,138.73873873873873,53000.0,22200.0,30800.0,138.73873873873873
2026-03-17,Bánh Kẹo,25600.0,33000.0,7400.0,28.90625,40800.0,25600.0,15200.0,59.375
2026-03-17,Chăm Sóc Bé,286950.0,79900.0,-207050.0,-72.15542777487367,86200.0,321950.0,-235750.0,-73.22565615778848
2026-03-17,Gia Vị,75000.0,44550.0,-30450.0,-40.6,46900.0,75000.0,-28100.0,-37.46666666666666
2026-03-17,Mì - Thực Phẩm Ăn Liền,11900.0,29400.0,17500.0,147.05882352941177,31900.0,11900.0,20000.0,168.0672268907563
2026-03-17,Rau - Củ - Trái Cây,39900.0,47900.0,8000.0,20.050125313283207,47900.0,42900.0,5000.0,11.655011655011654
2026-03-17,Sữa Tươi,42950.0,35750.0,-7200.0,-16.763678696158323,37500.0,46250.0,-8750.0,-18.91891891891892
2026-03-17,Thực Phẩm Chế Biến,35000.0,38600.0,3600.0,10.285714285714285,41500.0,35000.0,6500.0,18.571428571428573
2026-03-17,Thực Phẩm Khô,52600.0,49400.0,-3200.0,-6.083650190114068,50500.0,52600.0,-2100.0,-3.9923954372623576
2026-03-17,Thực Phẩm Đông Lạnh,128200.0,77000.0,-51200.0,-39.93759750390016,77000.0,128200.0,-51200.0,-39.93759750390016
2026-03-17,Trứng - Đậu Hũ,22200.0,45000.0,22800.0,102.7027027027027,45000.0,22200.0,22800.0,102.7027027027027
2026-03-18,Bánh Kẹo,18700.0,26100.0,7400.0,39.57219251336899,33000.0,22900.0,10100.0,44.10480349344978
2026-03-18,Chăm Sóc Bé,286950.0,79900.0,-207050.0,-72.15542777487367,86200.0,321950.0,-235750.0,-73.22565615778848
2026-03-18,Mì - Thực Phẩm Ăn Liền,21400.0,27600.0,6200.0,28.971962616822427,29400.0,22200.0,7200.0,32.432432432432435
2026-03-18,Rau - Củ - Trái Cây,33830.0,39900.0,6070.0,17.94265444871416,39900.0,33830.0,6070.0,17.94265444871416
2026-03-18,Sữa Tươi,26100.0,29750.0,3650.0,13.984674329501914,33900.0,30750.0,3150.0,10.24390243902439
2026-03-18,Thực Phẩm Chế Biến,19200.0,35050.0,15850.0,82.55208333333334,42250.0,26800.0,15450.0,57.649253731343286
2026-03-18,Thực Phẩm Khô,39700.0,44800.0,5100.0,12.846347607052897,44800.0,43500.0,1300.0,2.9885057471264367
2026-03-18,Thực Phẩm Đông Lạnh,89150.0,73700.0,-15450.0,-17.330342120022436,74500.0,89150.0,-14650.0,-16.432978126752666
2026-03-18,Trứng - Đậu Hũ,22200.0,50000.0,27800.0,125.22522522522523,50000.0,22200.0,27800.0,125.22522522522523
2026-03-19,Bánh Kẹo,25600.0,39900.0,14300.0,55.859375,45500.0,25600.0,19900.0,77.734375
2026-03-19,Chăm Sóc Bé,286950.0,84900.0,-202050.0,-70.41296393099843,89750.0,321950.0,-232200.0,-72.12300046591086
2026-03-19,Gia Vị,69450.0,44550.0,-24900.0,-35.85313174946004,46100.0,72000.0,-25900.0,-35.97222222222222
2026-03-19,Mì - Thực Phẩm Ăn Liền,11100.0,28500.0,17400.0,156.75675675675674,29900.0,11500.0,18400.0,160.0
2026-03-19,Rau - Củ - Trái Cây,19900.0,79200.0,59300.0,297.9899497487437,99000.0,24500.0,74500.0,304.0816326530612
2026-03-19,Thực Phẩm Chế Biến,42700.0,55750.0,13050.0,30.562060889929743,55750.0,42700.0,13050.0,30.562060889929743
2026-03-19,Thực Phẩm Khô,85400.0,32350.0,-53050.0,-62.119437939110064,37050.0,115000.0,-77950.0,-67.78260869565217
2026-03-19,Thực Phẩm Đông Lạnh,126000.0,95000.0,-31000.0,-24.6031746031746,98000.0,126000.0,-28000.0,-22.22222222222222
2026-03-19,Trứng - Đậu Hũ,22200.0,30500.0,8300.0,37.38738738738739,30500.0,22200.0,8300.0,37.38738738738739
2026-03-20,Bánh Kẹo,36900.0,41900.0,5000.0,13.550135501355012,52500.0,48000.0,4500.0,9.375
2026-03-20,Chăm Sóc Bé,286950.0,89900.0,-197050.0,-68.67050008712319,93300.0,321950.0,-228650.0,-71.02034477403323
2026-03-20,Gia Vị,61300.0,38300.0,-23000.0,-37.52039151712888,45400.0,69000.0,-23600.0,-34.20289855072463
2026-03-20,Mì - Thực Phẩm Ăn Liền,15750.0,29400.0,13650.0,86.66666666666667,30950.0,16550.0,14400.0,87.00906344410876
2026-03-20,Rau - Củ - Trái Cây,33365.0,47900.0,14535.0,43.563614566162144,47900.0,33915.0,13985.0,41.23544154503907
2026-03-20,Sữa Tươi,46900.0,32400.0,-14500.0,-30.916844349680172,34900.0,51500.0,-16600.0,-32.23300970873787
2026-03-20,Thực Phẩm Chế Biến,34950.0,40700.0,5750.0,16.452074391988557,41850.0,34950.0,6900.0,19.742489270386265
2026-03-20,Thực Phẩm Khô,42350.0,46350.0,4000.0,9.445100354191263,46950.0,43500.0,3450.0,7.931034482758621
2026-03-20,Thực Phẩm Đông Lạnh,82900.0,74000.0,-8900.0,-10.735826296743065,74900.0,82900.0,-8000.0,-9.650180940892641
2026-03-20,Trứng - Đậu Hũ,22200.0,50000.0,27800.0,125.22522522522523,50000.0,22200.0,27800.0,125.22522522522523
