product_name,subcategory,parent_category
Gà muối Ngọc Thơm 500g,Xúc xích - Thịt Nguội,Thực Phẩm Chế Biến
Bánh sừng bò Bauli Moonfils Vanilla 47g,Bánh mì,Thực Phẩm Chế Biến
Bánh sừng bò Bauli Moonfils Dâu 45g,Bánh mì,Thực Phẩm Chế Biến
Bánh sừng bò Bauli Moonfils Socola 45g,Bánh mì,Thực Phẩm Chế Biến
Bánh trứng tươi sợi thịt gà Fasty túi 6gói x 26g,Thực Phẩm Chế Biến Khác,Thực Phẩm Chế Biến
Bánh pía Mỹ Ngọc chà bông trứng muối phô mai 90g,Thực Phẩm Chế Biến Khác,Thực Phẩm Chế Biến
Xúc xích tỏi Đức Việt gói 200g,Xúc xích - Thịt Nguội,Thực Phẩm Chế Biến
Chân giò xông khói rút xương Đức Việt 300g,Xúc xích - Thịt Nguội,Thực Phẩm Chế Biến
Xúc xích thịt heo Ponnie cây 45g,Xúc xích - Thịt Nguội,Thực Phẩm Chế Biến
Xúc Xích Tiệt Trùng thịt phô mai Ponnie 45g,Xúc xích - Thịt Nguội,Thực Phẩm Chế Biến
Xúc Xích Tiệt Trùng cá phô mai Ponnie 45g,Xúc xích - Thịt Nguội,Thực Phẩm Chế Biến
Salami khô Ông già Ika tiêu đỏ 200g,Xúc xích - Thịt Nguội,Thực Phẩm Chế Biến
Xúc xích ăn liền Đức Việt Handy vị heo gói 105g,Xúc xích - Thịt Nguội,Thực Phẩm Chế Biến
Xúc xích Mỹ Đức Việt gói 500g,Xúc xích - Thịt Nguội,Thực Phẩm Chế Biến
Ba rọi xông khói Le Gourmet gói 200g,Xúc xích - Thịt Nguội,Thực Phẩm Chế Biến
Chân giò heo muối Ngọc Thơm 300g,Xúc xích - Thịt Nguội,Thực Phẩm Chế Biến
Xúc xích ăn liền Đức Việt Handy vị bò gói 105g,Xúc xích - Thịt Nguội,Thực Phẩm Chế Biến
Xúc xích Pari Đức Việt gói 500g,Xúc xích - Thịt Nguội,Thực Phẩm Chế Biến
Khô Bò vị cà ry sợi 200g,Thực Phẩm Chế Biến Khác,Thực Phẩm Chế Biến
Xúc xích hong khói (50g) Đức Việt gói 500g,Xúc xích - Thịt Nguội,Thực Phẩm Chế Biến
Khô bò miếng Kiến Lĩnh vị Tứ Xuyên 200g,Thực Phẩm Chế Biến Khác,Thực Phẩm Chế Biến
Khô Bò vị cà ry miếng 200g,Thực Phẩm Chế Biến Khác,Thực Phẩm Chế Biến
Bánh phồng tôm Sa Giang gói 200g,Thực Phẩm Chế Biến Khác,Thực Phẩm Chế Biến
Bánh phồng tôm rau củ Sa Giang 100g,Thực Phẩm Chế Biến Khác,Thực Phẩm Chế Biến
Bánh bông nhài Bảo Minh gói 180g,Thực Phẩm Chế Biến Khác,Thực Phẩm Chế Biến
Kim chi cải thảo cắt lát Ông Kim's túi 100g,Kim chi,Thực Phẩm Chế Biến
Xúc xích Roma Đức Việt gói 500g,Xúc xích - Thịt Nguội,Thực Phẩm Chế Biến
Xúc xích Ông già Ika Klobasa mini gói 250g,Xúc xích - Thịt Nguội,Thực Phẩm Chế Biến
Xúc xích Klobasa Ông Già Ika gói 500g,Xúc xích - Thịt Nguội,Thực Phẩm Chế Biến
Xúc xích Đức Việt nướng gói 500g,Xúc xích - Thịt Nguội,Thực Phẩm Chế Biến
Xúc xích Vườn Bia Đức Việt gói 500g,Xúc xích - Thịt Nguội,Thực Phẩm Chế Biến
Xúc Đức Việt chua mặn ngọt Beclin,Thực Phẩm Chế Biến Khác,Thực Phẩm Chế Biến
Xúc xích viên hong khói Đức Việt gói 500g,Xúc xích - Thịt Nguội,Thực Phẩm Chế Biến
Chân giò hun khói Ông Già Ika gói 400g,Xúc xích - Thịt Nguội,Thực Phẩm Chế Biến
Bắp bò Ông già Ika hun khói gói 200g,Xúc xích - Thịt Nguội,Thực Phẩm Chế Biến
Ba chỉ hun khói Ông Già Ika gói 300g,Xúc xích - Thịt Nguội,Thực Phẩm Chế Biến
Gà hun khói Ông Già Ika gói 450g,Xúc xích - Thịt Nguội,Thực Phẩm Chế Biến
Dọi quế hong khói Đức Việt gói 200g,Xúc xích - Thịt Nguội,Thực Phẩm Chế Biến
Xúc xích Đức Việt Hotdog gói 500g,Xúc xích - Thịt Nguội,Thực Phẩm Chế Biến
Ba rọi xông khói Angst-Trường Vinh gói 200g,Xúc xích - Thịt Nguội,Thực Phẩm Chế Biến
Dăm bông đùi Angst-Trường Vinh gói 200g,Xúc xích - Thịt Nguội,Thực Phẩm Chế Biến
Xúc xích tỏi Angst Trường Vinh xông khói 200g,Xúc xích - Thịt Nguội,Thực Phẩm Chế Biến
Xúc xích Hotdog Đức Việt gói 200g,Xúc xích - Thịt Nguội,Thực Phẩm Chế Biến
Xúc xích Klobasa ông già Ika 500g,Xúc xích - Thịt Nguội,Thực Phẩm Chế Biến
Xúc xích heo Vissan gòi 90g,Xúc xích - Thịt Nguội,Thực Phẩm Chế Biến
Xúc xích bò Vissan gói 90g,Xúc xích - Thịt Nguội,Thực Phẩm Chế Biến
Bánh bao nhân thịt heo trứng cút Thọ Phát gói 250g,Bánh bao,Thực Phẩm Chế Biến
Lạp xưởng Vissan 3 bông mai gói 500g,Xúc xích - Thịt Nguội,Thực Phẩm Chế Biến
Tai heo muối Ngọc Thơm 200g,Xúc xích - Thịt Nguội,Thực Phẩm Chế Biến
Bánh bao Malai xíu mại trứng cút 6 cái 300g,Bánh bao,Thực Phẩm Chế Biến
Bánh bao nhân gà quay Phú Mỹ Bakery 300g,Bánh bao,Thực Phẩm Chế Biến
Bánh bao Malai nhân xíu mại thịt heo 300g,Bánh bao,Thực Phẩm Chế Biến
Bánh bao chay sữa dừa Phú Mỹ Bakery 200g,Bánh bao,Thực Phẩm Chế Biến
Bánh bao chay bơ sữa Phú Mỹ Bakery 270g,Bánh bao,Thực Phẩm Chế Biến
Kim chi cải thảo chay Ông Kim's hộp 500g,Kim chi,Thực Phẩm Chế Biến
Xúc xích heo Vissan gói 160g,Xúc xích - Thịt Nguội,Thực Phẩm Chế Biến
Xúc xích bò Vissan gói 160g,Xúc xích - Thịt Nguội,Thực Phẩm Chế Biến
Xúc xích bò tiệt trùng Vissan gói 280g,Xúc xích - Thịt Nguội,Thực Phẩm Chế Biến
Lạp xưởng tôm Vissan gói 500g,Xúc xích - Thịt Nguội,Thực Phẩm Chế Biến
Lạp xưởng Mai Quế Lộ Vissan gói 500g,Xúc xích - Thịt Nguội,Thực Phẩm Chế Biến
Lạp xưởng Vissan gói 500g,Xúc xích - Thịt Nguội,Thực Phẩm Chế Biến
Lạp xưởng VISSAN Mai Quế Lộ gói 200g,Xúc xích - Thịt Nguội,Thực Phẩm Chế Biến
Xúc xích dinh dưỡng bò Vissan gói 175g,Xúc xích - Thịt Nguội,Thực Phẩm Chế Biến
Bánh phồng tôm Sa Giang gói 100g,Thực Phẩm Chế Biến Khác,Thực Phẩm Chế Biến
Bánh Sandwich nhỏ Bảo Ngọc gói 275g,Bánh mì,Thực Phẩm Chế Biến
Xúc xích phô mai LC Food 200g,Xúc xích - Thịt Nguội,Thực Phẩm Chế Biến
Bánh mì hoa cúc OTTO gói 300g,Bánh mì,Thực Phẩm Chế Biến
Kim chi cải thảo cắt lát Ông Kim's hộp 500g,Kim chi,Thực Phẩm Chế Biến
Chà bông keo sạch Ponnie gói 100g,Thực Phẩm Chế Biến Khác,Thực Phẩm Chế Biến
Ba rọi xông khói Việt Nam Angst-Trường Vinh gói 500g,Xúc xích - Thịt Nguội,Thực Phẩm Chế Biến
Thạch đen Cao Bằng Thạch An 480g,Thực Phẩm Chế Biến Khác,Thực Phẩm Chế Biến
Lốc 6 gói bánh trứng Karo chà bông 26g,Thực Phẩm Chế Biến Khác,Thực Phẩm Chế Biến
Bịch 6 gói Karo Bánh trứng chà bông phô mai 26g,Thực Phẩm Chế Biến Khác,Thực Phẩm Chế Biến
Xúc xích bò tiệt trùng Every Day Halong Canfoco túi 250g,Xúc xích - Thịt Nguội,Thực Phẩm Chế Biến
Chân giò ủ muối Đức Việt gói 450g,Xúc xích - Thịt Nguội,Thực Phẩm Chế Biến
Dăm bông vai Angst-Trường Vinh gói 200g,Xúc xích - Thịt Nguội,Thực Phẩm Chế Biến
Thăn lưng xông khói Angst-Trường Vinh gói 200g,Xúc xích - Thịt Nguội,Thực Phẩm Chế Biến
Salami khô Ông già Ika gói 100g,Xúc xích - Thịt Nguội,Thực Phẩm Chế Biến
Kim chi cải thảo cây ÔNG KIM'S gói 1kg,Kim chi,Thực Phẩm Chế Biến
Bánh bao nhân xíu mại Phú Mỹ Bakery 300g,Bánh bao,Thực Phẩm Chế Biến
Bánh bao chay trắng Malai 40 chiếc 600g,Bánh bao,Thực Phẩm Chế Biến
Măng muối ớt muối dổ Kim bôi lọ 750g,Thực Phẩm Chế Biến Khác,Thực Phẩm Chế Biến
Bánh cốm Bảo Minh hộp 85g,Thực Phẩm Chế Biến Khác,Thực Phẩm Chế Biến
Bánh mỳ Paket Bảo Ngọc gói 108g,Thực Phẩm Chế Biến Khác,Thực Phẩm Chế Biến
Bánh sừng hươu Bảo Ngọc gói 175g,Thực Phẩm Chế Biến Khác,Thực Phẩm Chế Biến
Nem Bùi Hải Tuyết 100g,Thực Phẩm Chế Biến Khác,Thực Phẩm Chế Biến
Bánh mì tươi Kinh Đô xốt Pizza XX phô mai 70g,Bánh mì,Thực Phẩm Chế Biến
Bánh Dorayaki Marukyo dâu 310g,Thực Phẩm Chế Biến Khác,Thực Phẩm Chế Biến
Bánh Dorayaki Marukyo truyền thống 310g,Thực Phẩm Chế Biến Khác,Thực Phẩm Chế Biến
Bánh mì sandwich Staff gói 275g,Bánh mì,Thực Phẩm Chế Biến
Bóng bì Thiên Nhiên Xanh gói 100g,Thực Phẩm Chế Biến Khác,Thực Phẩm Chế Biến
Chà bông heo sạch Ponnie hộp 100g,Thực Phẩm Chế Biến Khác,Thực Phẩm Chế Biến
Bánh phồng tôm hạt sen Sa Giang 100g,Thực Phẩm Chế Biến Khác,Thực Phẩm Chế Biến
Cánh gà tây hun khói Nguyễn Hồng 500/600g,Xúc xích - Thịt Nguội,Thực Phẩm Chế Biến
Seoul's Hotdog Đức Việt nhân phô mai 250g,Thực Phẩm Chế Biến Khác,Thực Phẩm Chế Biến
Bánh bao Phú Mỹ Bakery thập cẩm trứng cút 280g,Bánh bao,Thực Phẩm Chế Biến
Khô bò viên Kiến Lĩnh vị cà ri 200g,Thực Phẩm Chế Biến Khác,Thực Phẩm Chế Biến
LC Xúc Xích LC Yummy St 200g,Xúc xích - Thịt Nguội,Thực Phẩm Chế Biến
Xúc xích Ponnie dinh dưỡng thịt heo 4*70g,Xúc xích - Thịt Nguội,Thực Phẩm Chế Biến
Bánh pía Cơm Dừa Sữa Mỹ Ngọc 90g,Thực Phẩm Chế Biến Khác,Thực Phẩm Chế Biến
Xúc xích lắc Heo Cao Bồi thịt nướng phô mai 5*15g,Xúc xích - Thịt Nguội,Thực Phẩm Chế Biến
Long nhi Chả cốm ngon 300g,Thực Phẩm Chế Biến Khác,Thực Phẩm Chế Biến
Chân gà bách thảo Hey Yo 40g,Thực Phẩm Chế Biến Khác,Thực Phẩm Chế Biến
Chân gà nhất tâm trắng Hey Yo 40g,Thực Phẩm Chế Biến Khác,Thực Phẩm Chế Biến
Bánh ngon vị dâu Nue 45g,Thực Phẩm Chế Biến Khác,Thực Phẩm Chế Biến
Bánh ngon vị phô mai Nue 38g,Thực Phẩm Chế Biến Khác,Thực Phẩm Chế Biến
Bánh ngon Nue vị sữa tươi 33g,Thực Phẩm Chế Biến Khác,Thực Phẩm Chế Biến
Thanh cơm lứt Nue Ngũ cốc rong biển 15g,Thực Phẩm Chế Biến Khác,Thực Phẩm Chế Biến
Nugget mực vòng chiên giòn KitKool 300g,Thực Phẩm Chế Biến Khác,Thực Phẩm Chế Biến
Mỳ spaghetti bò bằm phô mai LC Food 270g,Thực Phẩm Chế Biến Khác,Thực Phẩm Chế Biến
Bánh bao kim sa Kitkool 240g,Bánh bao,Thực Phẩm Chế Biến
Nem Bùi ABC Kinh bắc 170g,Thực Phẩm Chế Biến Khác,Thực Phẩm Chế Biến
Xúc Xích Hanns xông khói tự nhiên 200g,Xúc xích - Thịt Nguội,Thực Phẩm Chế Biến
Gà xì dầu Ngọc Thơm 500g,Thực Phẩm Chế Biến Khác,Thực Phẩm Chế Biến
Bánh pía chay Bảo Minh gói 300g,Thực Phẩm Chế Biến Khác,Thực Phẩm Chế Biến
Bánh mì chà bông Staff gói 60g,Bánh mì,Thực Phẩm Chế Biến
Bánh Bông lan Maruto Cheese 210g,Thực Phẩm Chế Biến Khác,Thực Phẩm Chế Biến
Bánh Bông lan Maruto Castella 191g,Thực Phẩm Chế Biến Khác,Thực Phẩm Chế Biến
Bánh pía trứng Bảo Minh gói 300g,Thực Phẩm Chế Biến Khác,Thực Phẩm Chế Biến
Trà sữa Go Thái Sơn 330ml,Thực Phẩm Chế Biến Khác,Thực Phẩm Chế Biến
Trà xanh Go Thái Sơn 330ml,Thực Phẩm Chế Biến Khác,Thực Phẩm Chế Biến
Bánh tráng mắm ruốc Vị gói 125g,Thực Phẩm Chế Biến Khác,Thực Phẩm Chế Biến
Bánh tráng sốt tôm Vị gói 125g,Thực Phẩm Chế Biến Khác,Thực Phẩm Chế Biến
Da cá vị trứng muối Feddy G gói 25g,Thực Phẩm Chế Biến Khác,Thực Phẩm Chế Biến
Da cá vị trứng muối Feddy gói 50g,Thực Phẩm Chế Biến Khác,Thực Phẩm Chế Biến
Chân gà vị mật ong Chef Biggy 30g,Thực Phẩm Chế Biến Khác,Thực Phẩm Chế Biến
Chân gà vị cay Chef Biggy 30g,Thực Phẩm Chế Biến Khác,Thực Phẩm Chế Biến
Chân giò hun khói Thanh Nga 300g,Xúc xích - Thịt Nguội,Thực Phẩm Chế Biến
Da cá trứng muối cay Feddy 25g,Thực Phẩm Chế Biến Khác,Thực Phẩm Chế Biến
Da cá trứng muối cay Feddy 50g,Thực Phẩm Chế Biến Khác,Thực Phẩm Chế Biến
Thạch đen trân châu Thạch An ly 280g,Thực Phẩm Chế Biến Khác,Thực Phẩm Chế Biến
Kim chi cải thảo cắt King 500g,Kim chi,Thực Phẩm Chế Biến
Kim chi cải thảo chay cắt King 500g,Kim chi,Thực Phẩm Chế Biến
Kim chi cải thảo cây cao cấp King gói 500g,Kim chi,Thực Phẩm Chế Biến
Xúc xích tiệt trùng Vissan trộn đều BBQ 3 cây,Xúc xích - Thịt Nguội,Thực Phẩm Chế Biến
Xúc xích tiệt trùng Vissan lắc kêu phô mai 3 cây,Xúc xích - Thịt Nguội,Thực Phẩm Chế Biến
Xúc xích lắc Heo Cao Bồi phô mai hộp 4 cây*15g,Xúc xích - Thịt Nguội,Thực Phẩm Chế Biến
Bánh cốm sầu riêng Bảo Minh 85g,Thực Phẩm Chế Biến Khác,Thực Phẩm Chế Biến
Bánh mì tươi 6 múi Kinh Đô vị chà bông 90g,Bánh mì,Thực Phẩm Chế Biến
Kim chi cải thảo ngò Ông Kim's hộp 500g,Kim chi,Thực Phẩm Chế Biến
Xúc xích lắc phô mai bắp bơ Heo Cao Bồi 64g,Xúc xích - Thịt Nguội,Thực Phẩm Chế Biến
Bánh đậu Hoàng Gia,Thực Phẩm Chế Biến Khác,Thực Phẩm Chế Biến
Kim chi cải thảo King BBQ cắt lát 450g,Kim chi,Thực Phẩm Chế Biến
Bánh Dorayaki Marukyo trà xanh 310g,Thực Phẩm Chế Biến Khác,Thực Phẩm Chế Biến
Bánh pía sầu riêng Thiên Lương Đặc biệt Số 7-400g,Thực Phẩm Chế Biến Khác,Thực Phẩm Chế Biến
Bánh pía sầu riêng Thiên Lương số 9 gói 500g,Thực Phẩm Chế Biến Khác,Thực Phẩm Chế Biến
Bánh pía sầu riêng Thiên Lương chay số 11-400g,Thực Phẩm Chế Biến Khác,Thực Phẩm Chế Biến
Bánh mì mềm thịt xông khói Staff Plus gói 68g,Bánh mì,Thực Phẩm Chế Biến
Khô gà lá chanh Chà Bông Việt gói 100g,Thực Phẩm Chế Biến Khác,Thực Phẩm Chế Biến
Thạch đen Cao Bằng Thạch An 230g,Thực Phẩm Chế Biến Khác,Thực Phẩm Chế Biến
Thịt lợn hun khói Tâm Hòa Cao bằng gói 500g,Xúc xích - Thịt Nguội,Thực Phẩm Chế Biến
Lạp sườn hun khói Cao Bằng Tâm Hòa 500g,Xúc xích - Thịt Nguội,Thực Phẩm Chế Biến
Jambong vai xông khói Angst Trường Vinh,Xúc xích - Thịt Nguội,Thực Phẩm Chế Biến
Bánh cốm đậu xanh trần Bảo Minh 85g,Thực Phẩm Chế Biến Khác,Thực Phẩm Chế Biến
Xúc xích dinh dưỡng thịt heo Ponnie (35gr x 5 Cây),Xúc xích - Thịt Nguội,Thực Phẩm Chế Biến
Xúc xích Heo Cao Bồi xốt trứng muối cay 15g,Xúc xích - Thịt Nguội,Thực Phẩm Chế Biến
Trà sữa thái Saionmilk chai 300ml,Thực Phẩm Chế Biến Khác,Thực Phẩm Chế Biến
Chả cốm làng vòng Hoa Doanh gói 200g,Thực Phẩm Chế Biến Khác,Thực Phẩm Chế Biến
Sanwhich khoai tây gạo lứt Momiji 300g,Bánh mì,Thực Phẩm Chế Biến
Sữa bắp non Sài Gòn 300ml,Thực Phẩm Chế Biến Khác,Thực Phẩm Chế Biến
Bánh chưng Kay Nọi 800g,Thực Phẩm Chế Biến Khác,Thực Phẩm Chế Biến
Xúc xích tiệt trùng Heo Cao Bồi xốt spaghetti 15g*4,Xúc xích - Thịt Nguội,Thực Phẩm Chế Biến
Xúc xích tiệt trùng Heo Cao Bồi xốt tôm sữa 20g,Xúc xích - Thịt Nguội,Thực Phẩm Chế Biến
Kim chi cải thảo chay King BBQ 450g,Kim chi,Thực Phẩm Chế Biến
Xúc xích Đức Việt Seoul's 350g,Xúc xích - Thịt Nguội,Thực Phẩm Chế Biến
Ba rọi nạc xông khói Le Gourmet gói 200g,Xúc xích - Thịt Nguội,Thực Phẩm Chế Biến
Xúc xích Đức Le Gourmet gói 500g,Xúc xích - Thịt Nguội,Thực Phẩm Chế Biến
Xúc xích heo tiệt trùng Every Day Halong Canfoco túi 250g,Xúc xích - Thịt Nguội,Thực Phẩm Chế Biến
Xúc xích Coctail Kitkool 200g,Xúc xích - Thịt Nguội,Thực Phẩm Chế Biến
Kim chi cải thảo Cô Hường 500g,Kim chi,Thực Phẩm Chế Biến
Kim chi cải thảo cây King BBQ 950g,Kim chi,Thực Phẩm Chế Biến
Bông lan trứng muối Sapo hộp 215g,Thực Phẩm Chế Biến Khác,Thực Phẩm Chế Biến
