date,Chăm Sóc Cá Nhân Cho Bé,Sữa Bột - Sữa Dinh Dưỡng,Sữa Tắm - Gội Cho Bé,Tã - Bỉm
2025-12-18,1.0,1.0,1.0,1.0
2025-12-19,1.0,1.0,1.0,1.0
2025-12-20,1.0,1.0,1.0,1.0
2025-12-22,1.0,1.0,1.0,1.0
2025-12-23,1.0,1.0,1.0,1.0
2025-12-24,1.0,1.0,1.0,1.0
2025-12-25,1.0,1.0,1.0,1.0
2025-12-26,1.0,1.0,1.0,1.0
2025-12-27,1.0,1.0,1.0,1.0
2025-12-28,1.0,1.0,1.0,1.0
2025-12-29,1.0,1.0,1.0,1.0
2025-12-30,1.0,1.0,1.0,1.0
2025-12-31,1.0,1.0,1.0,1.0
2026-01-01,1.0133538876545578,1.0123597772183404,1.0,1.0
2026-01-02,1.0133538876545578,1.0123597772183404,1.0,1.0
2026-01-03,1.0133538876545578,1.0123597772183404,1.0,1.0
2026-01-04,1.0133538876545578,1.0123597772183404,1.0,1.0
2026-01-05,1.0133538876545578,1.0123597772183404,1.0,1.0
2026-01-06,1.0133538876545578,1.0067614847919377,0.9253789514357972,1.0
2026-01-07,1.0133538876545578,1.0155508401922664,0.9253789514357972,1.0
2026-01-08,1.0133538876545578,1.0155508401922664,0.9253789514357972,1.0
2026-01-09,1.0133538876545578,1.0155508401922664,0.9253789514357972,1.0
2026-01-10,1.0133538876545578,1.0155508401922664,0.9253789514357972,1.0
2026-01-11,1.0133538876545578,1.0155508401922664,0.9253789514357972,1.0
2026-01-12,1.0133538876545578,1.0155508401922664,0.9253789514357972,1.0
2026-01-13,1.0133538876545578,1.0155508401922664,0.9253789514357972,1.0
2026-01-14,1.0133538876545578,1.0155508401922664,0.9253789514357972,1.0
2026-01-15,1.0133538876545578,1.0155508401922664,0.9253789514357972,1.0
2026-01-16,1.0133538876545578,1.0155508401922664,0.9253789514357972,1.0
2026-01-17,1.0133538876545578,1.0155508401922664,0.9253789514357972,1.0
2026-01-18,1.0133538876545578,1.0155508401922664,0.9253789514357972,0.7095505559507096
2026-01-19,1.0133538876545578,1.0155508401922664,0.9253789514357972,0.7095505559507096
2026-01-20,0.7848173505737827,0.999725096863669,0.8758909150137955,0.7095505559507096
2026-01-21,0.7848173505737827,1.0237240564814951,0.9754558319114994,0.7095505559507096
2026-01-22,0.7848173505737827,1.0237240564814951,0.9754558319114994,0.7095505559507096
2026-01-23,0.7848173505737827,1.0237240564814951,0.9754558319114994,0.7095505559507096
2026-01-24,0.7848173505737827,1.0237240564814951,0.9754558319114994,0.7095505559507096
2026-01-25,0.7848173505737827,1.0237240564814951,0.9754558319114994,0.7095505559507096
2026-01-26,0.7848173505737827,1.0237240564814951,0.9754558319114994,0.7095505559507096
2026-01-27,0.7848173505737827,1.0237240564814951,0.9754558319114994,0.7095505559507096
2026-01-28,0.7848173505737827,1.0237240564814951,0.9754558319114994,0.7095505559507096
2026-01-29,0.7848173505737827,1.0237240564814951,0.9754558319114994,0.7095505559507096
2026-01-30,0.7848173505737827,1.0237240564814951,0.9754558319114994,0.7095505559507096
2026-01-31,0.7848173505737827,1.0237240564814951,0.9754558319114994,0.7095505559507096
2026-02-01,0.7952977133026926,1.0237240564814951,0.945899275584556,0.7095505559507096
2026-02-02,0.7952977133026926,1.0237240564814951,0.945899275584556,0.7095505559507096
2026-02-03,0.7952977133026926,0.9985244207856953,0.945899275584556,0.7095505559507096
2026-02-04,0.8864198061027252,0.9985244207856953,1.085222727954942,0.7095505559507096
2026-02-05,0.8864198061027252,0.9985244207856953,1.085222727954942,0.7095505559507096
2026-02-06,0.8864198061027252,0.9985244207856953,1.085222727954942,0.7095505559507096
2026-02-07,0.8864198061027252,0.9985244207856953,1.085222727954942,0.7095505559507096
